frame,time_s,left_vertical_dist,right_vertical_dist,height_diff,bonus_flag,bonus_reason
20,0.8,198.0,186.0,12.0,0,Foot height diff 12.0px < threshold. NO BONUS.
21,0.84,203.0,187.0,16.0,0,Foot height diff 16.0px < threshold. NO BONUS.
22,0.88,204.0,191.0,13.0,0,Foot height diff 13.0px < threshold. NO BONUS.
23,0.92,204.0,193.0,11.0,0,Foot height diff 11.0px < threshold. NO BONUS.
24,0.96,204.0,194.0,10.0,0,Foot height diff 10.0px < threshold. NO BONUS.
25,1.0,204.0,188.0,16.0,0,Foot height diff 16.0px < threshold. NO BONUS.
26,1.04,203.0,188.0,15.0,0,Foot height diff 15.0px < threshold. NO BONUS.
27,1.08,203.0,188.0,15.0,0,Foot height diff 15.0px < threshold. NO BONUS.
28,1.12,203.0,187.0,16.0,0,Foot height diff 16.0px < threshold. NO BONUS.
29,1.16,203.0,187.0,16.0,0,Foot height diff 16.0px < threshold. NO BONUS.
30,1.2,203.0,187.0,16.0,0,Foot height diff 16.0px < threshold. NO BONUS.
31,1.24,202.0,186.0,16.0,0,Foot height diff 16.0px < threshold. NO BONUS.
32,1.28,202.0,185.0,17.0,0,Foot height diff 17.0px < threshold. NO BONUS.
33,1.32,202.0,185.0,17.0,0,Foot height diff 17.0px < threshold. NO BONUS.
35,1.4,211.0,187.0,24.0,1,Foot height diff 24.0px >= threshold 20. BONUS.
36,1.44,204.0,182.0,22.0,1,Foot height diff 22.0px >= threshold 20. BONUS.
37,1.48,193.0,191.0,2.0,0,Foot height diff 2.0px < threshold. NO BONUS.
38,1.52,191.0,191.0,0.0,0,Foot height diff 0.0px < threshold. NO BONUS.
39,1.56,191.0,191.0,0.0,0,Foot height diff 0.0px < threshold. NO BONUS.
40,1.6,193.0,170.0,23.0,1,Foot height diff 23.0px >= threshold 20. BONUS.
41,1.64,192.0,181.0,11.0,0,Foot height diff 11.0px < threshold. NO BONUS.
42,1.68,193.0,196.0,3.0,0,Foot height diff 3.0px < threshold. NO BONUS.
43,1.72,192.0,194.0,2.0,0,Foot height diff 2.0px < threshold. NO BONUS.
45,1.8,211.0,187.0,24.0,1,Foot height diff 24.0px >= threshold 20. BONUS.
46,1.84,204.0,182.0,22.0,1,Foot height diff 22.0px >= threshold 20. BONUS.
47,1.88,193.0,191.0,2.0,0,Foot height diff 2.0px < threshold. NO BONUS.
48,1.92,191.0,191.0,0.0,0,Foot height diff 0.0px < threshold. NO BONUS.
49,1.96,191.0,191.0,0.0,0,Foot height diff 0.0px < threshold. NO BONUS.
50,2.0,193.0,170.0,23.0,1,Foot height diff 23.0px >= threshold 20. BONUS.
51,2.04,192.0,181.0,11.0,0,Foot height diff 11.0px < threshold. NO BONUS.
52,2.08,193.0,196.0,3.0,0,Foot height diff 3.0px < threshold. NO BONUS.
53,2.12,192.0,194.0,2.0,0,Foot height diff 2.0px < threshold. NO BONUS.
55,2.2,211.0,187.0,24.0,1,Foot height diff 24.0px >= threshold 20. BONUS.
56,2.24,204.0,182.0,22.0,1,Foot height diff 22.0px >= threshold 20. BONUS.
57,2.28,193.0,191.0,2.0,0,Foot height diff 2.0px < threshold. NO BONUS.
58,2.32,191.0,191.0,0.0,0,Foot height diff 0.0px < threshold. NO BONUS.
59,2.36,191.0,191.0,0.0,0,Foot height diff 0.0px < threshold. NO BONUS.
60,2.4,193.0,170.0,23.0,1,Foot height diff 23.0px >= threshold 20. BONUS.
61,2.44,192.0,181.0,11.0,0,Foot height diff 11.0px < threshold. NO BONUS.
62,2.48,193.0,196.0,3.0,0,Foot height diff 3.0px < threshold. NO BONUS.
63,2.52,192.0,194.0,2.0,0,Foot height diff 2.0px < threshold. NO BONUS.
64,2.56,190.0,193.0,3.0,0,Foot height diff 3.0px < threshold. NO BONUS.
65,2.6,187.0,198.0,11.0,0,Foot height diff 11.0px < threshold. NO BONUS.
66,2.64,186.0,196.0,10.0,0,Foot height diff 10.0px < threshold. NO BONUS.
67,2.68,187.0,194.0,7.0,0,Foot height diff 7.0px < threshold. NO BONUS.
68,2.72,187.0,194.0,7.0,0,Foot height diff 7.0px < threshold. NO BONUS.
69,2.76,187.0,194.0,7.0,0,Foot height diff 7.0px < threshold. NO BONUS.
70,2.8,187.0,194.0,7.0,0,Foot height diff 7.0px < threshold. NO BONUS.
71,2.84,187.0,194.0,7.0,0,Foot height diff 7.0px < threshold. NO BONUS.
72,2.88,187.0,194.0,7.0,0,Foot height diff 7.0px < threshold. NO BONUS.
73,2.92,187.0,191.0,4.0,0,Foot height diff 4.0px < threshold. NO BONUS.
74,2.96,188.0,193.0,5.0,0,Foot height diff 5.0px < threshold. NO BONUS.
75,3.0,190.0,194.0,4.0,0,Foot height diff 4.0px < threshold. NO BONUS.
76,3.04,190.0,194.0,4.0,0,Foot height diff 4.0px < threshold. NO BONUS.
77,3.08,189.0,194.0,5.0,0,Foot height diff 5.0px < threshold. NO BONUS.
78,3.12,189.0,194.0,5.0,0,Foot height diff 5.0px < threshold. NO BONUS.
79,3.16,189.0,194.0,5.0,0,Foot height diff 5.0px < threshold. NO BONUS.
80,3.2,189.0,194.0,5.0,0,Foot height diff 5.0px < threshold. NO BONUS.
81,3.24,189.0,194.0,5.0,0,Foot height diff 5.0px < threshold. NO BONUS.
82,3.28,189.0,194.0,5.0,0,Foot height diff 5.0px < threshold. NO BONUS.
83,3.32,189.0,195.0,6.0,0,Foot height diff 6.0px < threshold. NO BONUS.
84,3.36,189.0,195.0,6.0,0,Foot height diff 6.0px < threshold. NO BONUS.
85,3.4,189.0,195.0,6.0,0,Foot height diff 6.0px < threshold. NO BONUS.
86,3.44,189.0,195.0,6.0,0,Foot height diff 6.0px < threshold. NO BONUS.
87,3.48,188.0,196.0,8.0,0,Foot height diff 8.0px < threshold. NO BONUS.
88,3.52,188.0,196.0,8.0,0,Foot height diff 8.0px < threshold. NO BONUS.
89,3.56,188.0,196.0,8.0,0,Foot height diff 8.0px < threshold. NO BONUS.
90,3.6,188.0,190.0,2.0,0,Foot height diff 2.0px < threshold. NO BONUS.
91,3.64,188.0,186.0,2.0,0,Foot height diff 2.0px < threshold. NO BONUS.
92,3.68,189.0,187.0,2.0,0,Foot height diff 2.0px < threshold. NO BONUS.
93,3.72,203.0,183.0,20.0,1,Foot height diff 20.0px >= threshold 20. BONUS.
94,3.76,207.0,183.0,24.0,1,Foot height diff 24.0px >= threshold 20. BONUS.
95,3.8,204.0,185.0,19.0,0,Foot height diff 19.0px < threshold. NO BONUS.
96,3.84,203.0,185.0,18.0,0,Foot height diff 18.0px < threshold. NO BONUS.
97,3.88,205.0,190.0,15.0,0,Foot height diff 15.0px < threshold. NO BONUS.
98,3.92,203.0,193.0,10.0,0,Foot height diff 10.0px < threshold. NO BONUS.
99,3.96,202.0,196.0,6.0,0,Foot height diff 6.0px < threshold. NO BONUS.
100,4.0,202.0,196.0,6.0,0,Foot height diff 6.0px < threshold. NO BONUS.
101,4.04,202.0,200.0,2.0,0,Foot height diff 2.0px < threshold. NO BONUS.
102,4.08,203.0,199.0,4.0,0,Foot height diff 4.0px < threshold. NO BONUS.
103,4.12,194.0,199.0,5.0,0,Foot height diff 5.0px < threshold. NO BONUS.
104,4.16,187.0,199.0,12.0,0,Foot height diff 12.0px < threshold. NO BONUS.
105,4.2,188.0,196.0,8.0,0,Foot height diff 8.0px < threshold. NO BONUS.
106,4.24,189.0,191.0,2.0,0,Foot height diff 2.0px < threshold. NO BONUS.
107,4.28,188.0,189.0,1.0,0,Foot height diff 1.0px < threshold. NO BONUS.
108,4.32,186.0,190.0,4.0,0,Foot height diff 4.0px < threshold. NO BONUS.
109,4.36,186.0,191.0,5.0,0,Foot height diff 5.0px < threshold. NO BONUS.
110,4.4,186.0,192.0,6.0,0,Foot height diff 6.0px < threshold. NO BONUS.
111,4.44,186.0,192.0,6.0,0,Foot height diff 6.0px < threshold. NO BONUS.
112,4.48,187.0,193.0,6.0,0,Foot height diff 6.0px < threshold. NO BONUS.
113,4.52,187.0,193.0,6.0,0,Foot height diff 6.0px < threshold. NO BONUS.
114,4.56,187.0,193.0,6.0,0,Foot height diff 6.0px < threshold. NO BONUS.
115,4.6,186.0,193.0,7.0,0,Foot height diff 7.0px < threshold. NO BONUS.
116,4.64,186.0,193.0,7.0,0,Foot height diff 7.0px < threshold. NO BONUS.
117,4.68,185.0,193.0,8.0,0,Foot height diff 8.0px < threshold. NO BONUS.
118,4.72,185.0,193.0,8.0,0,Foot height diff 8.0px < threshold. NO BONUS.
119,4.76,185.0,193.0,8.0,0,Foot height diff 8.0px < threshold. NO BONUS.
120,4.8,185.0,193.0,8.0,0,Foot height diff 8.0px < threshold. NO BONUS.
121,4.84,185.0,193.0,8.0,0,Foot height diff 8.0px < threshold. NO BONUS.
122,4.88,186.0,193.0,7.0,0,Foot height diff 7.0px < threshold. NO BONUS.
123,4.92,186.0,193.0,7.0,0,Foot height diff 7.0px < threshold. NO BONUS.
135,5.4,182.0,193.0,11.0,0,Foot height diff 11.0px < threshold. NO BONUS.
136,5.44,179.0,192.0,13.0,0,Foot height diff 13.0px < threshold. NO BONUS.
137,5.48,178.0,192.0,14.0,0,Foot height diff 14.0px < threshold. NO BONUS.
138,5.52,179.0,192.0,13.0,0,Foot height diff 13.0px < threshold. NO BONUS.
139,5.56,179.0,192.0,13.0,0,Foot height diff 13.0px < threshold. NO BONUS.
140,5.6,179.0,192.0,13.0,0,Foot height diff 13.0px < threshold. NO BONUS.
141,5.64,179.0,192.0,13.0,0,Foot height diff 13.0px < threshold. NO BONUS.
142,5.68,180.0,192.0,12.0,0,Foot height diff 12.0px < threshold. NO BONUS.
143,5.72,180.0,192.0,12.0,0,Foot height diff 12.0px < threshold. NO BONUS.
144,5.76,180.0,191.0,11.0,0,Foot height diff 11.0px < threshold. NO BONUS.
145,5.8,180.0,191.0,11.0,0,Foot height diff 11.0px < threshold. NO BONUS.
146,5.84,180.0,191.0,11.0,0,Foot height diff 11.0px < threshold. NO BONUS.
147,5.88,180.0,191.0,11.0,0,Foot height diff 11.0px < threshold. NO BONUS.
148,5.92,180.0,191.0,11.0,0,Foot height diff 11.0px < threshold. NO BONUS.
149,5.96,180.0,191.0,11.0,0,Foot height diff 11.0px < threshold. NO BONUS.
150,6.0,180.0,191.0,11.0,0,Foot height diff 11.0px < threshold. NO BONUS.
151,6.04,180.0,191.0,11.0,0,Foot height diff 11.0px < threshold. NO BONUS.
152,6.08,180.0,191.0,11.0,0,Foot height diff 11.0px < threshold. NO BONUS.
153,6.12,180.0,191.0,11.0,0,Foot height diff 11.0px < threshold. NO BONUS.
154,6.16,180.0,192.0,12.0,0,Foot height diff 12.0px < threshold. NO BONUS.
155,6.2,180.0,192.0,12.0,0,Foot height diff 12.0px < threshold. NO BONUS.
156,6.24,180.0,192.0,12.0,0,Foot height diff 12.0px < threshold. NO BONUS.
157,6.28,180.0,192.0,12.0,0,Foot height diff 12.0px < threshold. NO BONUS.
158,6.32,180.0,192.0,12.0,0,Foot height diff 12.0px < threshold. NO BONUS.
159,6.36,180.0,192.0,12.0,0,Foot height diff 12.0px < threshold. NO BONUS.
160,6.4,180.0,192.0,12.0,0,Foot height diff 12.0px < threshold. NO BONUS.
161,6.44,180.0,192.0,12.0,0,Foot height diff 12.0px < threshold. NO BONUS.
162,6.48,180.0,192.0,12.0,0,Foot height diff 12.0px < threshold. NO BONUS.
163,6.52,179.0,192.0,13.0,0,Foot height diff 13.0px < threshold. NO BONUS.
164,6.56,179.0,192.0,13.0,0,Foot height diff 13.0px < threshold. NO BONUS.
165,6.6,179.0,192.0,13.0,0,Foot height diff 13.0px < threshold. NO BONUS.
166,6.64,179.0,192.0,13.0,0,Foot height diff 13.0px < threshold. NO BONUS.
167,6.68,179.0,192.0,13.0,0,Foot height diff 13.0px < threshold. NO BONUS.
168,6.72,179.0,192.0,13.0,0,Foot height diff 13.0px < threshold. NO BONUS.
169,6.76,179.0,192.0,13.0,0,Foot height diff 13.0px < threshold. NO BONUS.
170,6.8,179.0,192.0,13.0,0,Foot height diff 13.0px < threshold. NO BONUS.
171,6.84,179.0,192.0,13.0,0,Foot height diff 13.0px < threshold. NO BONUS.
172,6.88,179.0,192.0,13.0,0,Foot height diff 13.0px < threshold. NO BONUS.
173,6.92,179.0,192.0,13.0,0,Foot height diff 13.0px < threshold. NO BONUS.
174,6.96,179.0,192.0,13.0,0,Foot height diff 13.0px < threshold. NO BONUS.
175,7.0,179.0,192.0,13.0,0,Foot height diff 13.0px < threshold. NO BONUS.
176,7.04,179.0,192.0,13.0,0,Foot height diff 13.0px < threshold. NO BONUS.
177,7.08,179.0,192.0,13.0,0,Foot height diff 13.0px < threshold. NO BONUS.
178,7.12,179.0,192.0,13.0,0,Foot height diff 13.0px < threshold. NO BONUS.
179,7.16,179.0,192.0,13.0,0,Foot height diff 13.0px < threshold. NO BONUS.
180,7.2,179.0,192.0,13.0,0,Foot height diff 13.0px < threshold. NO BONUS.
181,7.24,179.0,192.0,13.0,0,Foot height diff 13.0px < threshold. NO BONUS.
182,7.28,179.0,192.0,13.0,0,Foot height diff 13.0px < threshold. NO BONUS.
183,7.32,179.0,192.0,13.0,0,Foot height diff 13.0px < threshold. NO BONUS.
184,7.36,179.0,192.0,13.0,0,Foot height diff 13.0px < threshold. NO BONUS.
185,7.4,179.0,192.0,13.0,0,Foot height diff 13.0px < threshold. NO BONUS.
186,7.44,179.0,192.0,13.0,0,Foot height diff 13.0px < threshold. NO BONUS.
187,7.48,179.0,192.0,13.0,0,Foot height diff 13.0px < threshold. NO BONUS.
188,7.52,179.0,192.0,13.0,0,Foot height diff 13.0px < threshold. NO BONUS.
189,7.56,179.0,192.0,13.0,0,Foot height diff 13.0px < threshold. NO BONUS.
190,7.6,179.0,192.0,13.0,0,Foot height diff 13.0px < threshold. NO BONUS.
191,7.64,179.0,192.0,13.0,0,Foot height diff 13.0px < threshold. NO BONUS.
192,7.68,180.0,192.0,12.0,0,Foot height diff 12.0px < threshold. NO BONUS.
193,7.72,180.0,192.0,12.0,0,Foot height diff 12.0px < threshold. NO BONUS.
194,7.76,180.0,192.0,12.0,0,Foot height diff 12.0px < threshold. NO BONUS.
195,7.8,180.0,192.0,12.0,0,Foot height diff 12.0px < threshold. NO BONUS.
196,7.84,180.0,192.0,12.0,0,Foot height diff 12.0px < threshold. NO BONUS.
197,7.88,180.0,192.0,12.0,0,Foot height diff 12.0px < threshold. NO BONUS.
198,7.92,180.0,192.0,12.0,0,Foot height diff 12.0px < threshold. NO BONUS.
199,7.96,180.0,192.0,12.0,0,Foot height diff 12.0px < threshold. NO BONUS.
217,8.68,186.0,179.0,7.0,0,Foot height diff 7.0px < threshold. NO BONUS.
218,8.72,188.0,176.0,12.0,0,Foot height diff 12.0px < threshold. NO BONUS.
219,8.76,189.0,176.0,13.0,0,Foot height diff 13.0px < threshold. NO BONUS.
220,8.8,190.0,176.0,14.0,0,Foot height diff 14.0px < threshold. NO BONUS.
221,8.84,189.0,176.0,13.0,0,Foot height diff 13.0px < threshold. NO BONUS.
222,8.88,190.0,177.0,13.0,0,Foot height diff 13.0px < threshold. NO BONUS.
223,8.92,190.0,177.0,13.0,0,Foot height diff 13.0px < threshold. NO BONUS.
224,8.96,190.0,177.0,13.0,0,Foot height diff 13.0px < threshold. NO BONUS.
225,9.0,190.0,177.0,13.0,0,Foot height diff 13.0px < threshold. NO BONUS.
226,9.04,190.0,177.0,13.0,0,Foot height diff 13.0px < threshold. NO BONUS.
227,9.08,190.0,177.0,13.0,0,Foot height diff 13.0px < threshold. NO BONUS.
228,9.12,190.0,177.0,13.0,0,Foot height diff 13.0px < threshold. NO BONUS.
229,9.16,190.0,177.0,13.0,0,Foot height diff 13.0px < threshold. NO BONUS.
286,11.44,190.0,186.0,4.0,0,Foot height diff 4.0px < threshold. NO BONUS.
288,11.52,190.0,186.0,4.0,0,Foot height diff 4.0px < threshold. NO BONUS.
290,11.6,190.0,186.0,4.0,0,Foot height diff 4.0px < threshold. NO BONUS.
292,11.68,190.0,186.0,4.0,0,Foot height diff 4.0px < threshold. NO BONUS.
294,11.76,190.0,186.0,4.0,0,Foot height diff 4.0px < threshold. NO BONUS.
296,11.84,190.0,186.0,4.0,0,Foot height diff 4.0px < threshold. NO BONUS.
298,11.92,190.0,186.0,4.0,0,Foot height diff 4.0px < threshold. NO BONUS.
299,11.96,174.0,202.0,28.0,1,Foot height diff 28.0px >= threshold 20. BONUS.
300,12.0,170.0,200.0,30.0,1,Foot height diff 30.0px >= threshold 20. BONUS.
301,12.04,169.0,200.0,31.0,1,Foot height diff 31.0px >= threshold 20. BONUS.
302,12.08,172.0,199.0,27.0,1,Foot height diff 27.0px >= threshold 20. BONUS.
304,12.16,203.0,221.0,18.0,0,Foot height diff 18.0px < threshold. NO BONUS.
305,12.2,204.0,221.0,17.0,0,Foot height diff 17.0px < threshold. NO BONUS.
306,12.24,204.0,220.0,16.0,0,Foot height diff 16.0px < threshold. NO BONUS.
307,12.28,204.0,220.0,16.0,0,Foot height diff 16.0px < threshold. NO BONUS.
308,12.32,205.0,220.0,15.0,0,Foot height diff 15.0px < threshold. NO BONUS.
309,12.36,205.0,220.0,15.0,0,Foot height diff 15.0px < threshold. NO BONUS.
310,12.4,205.0,220.0,15.0,0,Foot height diff 15.0px < threshold. NO BONUS.
311,12.44,205.0,220.0,15.0,0,Foot height diff 15.0px < threshold. NO BONUS.
312,12.48,205.0,219.0,14.0,0,Foot height diff 14.0px < threshold. NO BONUS.
313,12.52,205.0,219.0,14.0,0,Foot height diff 14.0px < threshold. NO BONUS.
314,12.56,205.0,219.0,14.0,0,Foot height diff 14.0px < threshold. NO BONUS.
315,12.6,205.0,220.0,15.0,0,Foot height diff 15.0px < threshold. NO BONUS.
316,12.64,218.0,220.0,2.0,0,Foot height diff 2.0px < threshold. NO BONUS.
317,12.68,210.0,221.0,11.0,0,Foot height diff 11.0px < threshold. NO BONUS.
318,12.72,217.0,221.0,4.0,0,Foot height diff 4.0px < threshold. NO BONUS.
319,12.76,219.0,221.0,2.0,0,Foot height diff 2.0px < threshold. NO BONUS.
320,12.8,220.0,222.0,2.0,0,Foot height diff 2.0px < threshold. NO BONUS.
321,12.84,220.0,222.0,2.0,0,Foot height diff 2.0px < threshold. NO BONUS.
322,12.88,221.0,222.0,1.0,0,Foot height diff 1.0px < threshold. NO BONUS.
323,12.92,221.0,222.0,1.0,0,Foot height diff 1.0px < threshold. NO BONUS.
324,12.96,221.0,222.0,1.0,0,Foot height diff 1.0px < threshold. NO BONUS.
325,13.0,183.0,214.0,31.0,1,Foot height diff 31.0px >= threshold 20. BONUS.
326,13.04,175.0,199.0,24.0,1,Foot height diff 24.0px >= threshold 20. BONUS.
327,13.08,172.0,196.0,24.0,1,Foot height diff 24.0px >= threshold 20. BONUS.
328,13.12,174.0,198.0,24.0,1,Foot height diff 24.0px >= threshold 20. BONUS.
329,13.16,173.0,199.0,26.0,1,Foot height diff 26.0px >= threshold 20. BONUS.
330,13.2,173.0,198.0,25.0,1,Foot height diff 25.0px >= threshold 20. BONUS.
331,13.24,171.0,197.0,26.0,1,Foot height diff 26.0px >= threshold 20. BONUS.
332,13.28,172.0,198.0,26.0,1,Foot height diff 26.0px >= threshold 20. BONUS.
333,13.32,173.0,198.0,25.0,1,Foot height diff 25.0px >= threshold 20. BONUS.
334,13.36,173.0,198.0,25.0,1,Foot height diff 25.0px >= threshold 20. BONUS.
335,13.4,173.0,198.0,25.0,1,Foot height diff 25.0px >= threshold 20. BONUS.
336,13.44,173.0,198.0,25.0,1,Foot height diff 25.0px >= threshold 20. BONUS.
337,13.48,173.0,198.0,25.0,1,Foot height diff 25.0px >= threshold 20. BONUS.
338,13.52,173.0,198.0,25.0,1,Foot height diff 25.0px >= threshold 20. BONUS.
339,13.56,173.0,198.0,25.0,1,Foot height diff 25.0px >= threshold 20. BONUS.
340,13.6,173.0,198.0,25.0,1,Foot height diff 25.0px >= threshold 20. BONUS.
341,13.64,173.0,198.0,25.0,1,Foot height diff 25.0px >= threshold 20. BONUS.
342,13.68,173.0,198.0,25.0,1,Foot height diff 25.0px >= threshold 20. BONUS.
343,13.72,173.0,198.0,25.0,1,Foot height diff 25.0px >= threshold 20. BONUS.
344,13.76,173.0,198.0,25.0,1,Foot height diff 25.0px >= threshold 20. BONUS.
345,13.8,173.0,198.0,25.0,1,Foot height diff 25.0px >= threshold 20. BONUS.
346,13.84,173.0,198.0,25.0,1,Foot height diff 25.0px >= threshold 20. BONUS.
347,13.88,173.0,198.0,25.0,1,Foot height diff 25.0px >= threshold 20. BONUS.
348,13.92,173.0,198.0,25.0,1,Foot height diff 25.0px >= threshold 20. BONUS.
349,13.96,173.0,198.0,25.0,1,Foot height diff 25.0px >= threshold 20. BONUS.
350,14.0,173.0,198.0,25.0,1,Foot height diff 25.0px >= threshold 20. BONUS.
351,14.04,173.0,198.0,25.0,1,Foot height diff 25.0px >= threshold 20. BONUS.
352,14.08,173.0,198.0,25.0,1,Foot height diff 25.0px >= threshold 20. BONUS.
353,14.12,173.0,198.0,25.0,1,Foot height diff 25.0px >= threshold 20. BONUS.
354,14.16,173.0,198.0,25.0,1,Foot height diff 25.0px >= threshold 20. BONUS.
355,14.2,173.0,198.0,25.0,1,Foot height diff 25.0px >= threshold 20. BONUS.
356,14.24,173.0,198.0,25.0,1,Foot height diff 25.0px >= threshold 20. BONUS.
357,14.28,173.0,198.0,25.0,1,Foot height diff 25.0px >= threshold 20. BONUS.
358,14.32,173.0,198.0,25.0,1,Foot height diff 25.0px >= threshold 20. BONUS.
359,14.36,173.0,198.0,25.0,1,Foot height diff 25.0px >= threshold 20. BONUS.
360,14.4,173.0,198.0,25.0,1,Foot height diff 25.0px >= threshold 20. BONUS.
361,14.44,173.0,198.0,25.0,1,Foot height diff 25.0px >= threshold 20. BONUS.
362,14.48,173.0,198.0,25.0,1,Foot height diff 25.0px >= threshold 20. BONUS.
363,14.52,173.0,198.0,25.0,1,Foot height diff 25.0px >= threshold 20. BONUS.
364,14.56,174.0,198.0,24.0,1,Foot height diff 24.0px >= threshold 20. BONUS.
365,14.6,174.0,198.0,24.0,1,Foot height diff 24.0px >= threshold 20. BONUS.
366,14.64,174.0,198.0,24.0,1,Foot height diff 24.0px >= threshold 20. BONUS.
367,14.68,174.0,199.0,25.0,1,Foot height diff 25.0px >= threshold 20. BONUS.
368,14.72,174.0,199.0,25.0,1,Foot height diff 25.0px >= threshold 20. BONUS.
381,15.24,202.0,204.0,2.0,0,Foot height diff 2.0px < threshold. NO BONUS.
382,15.28,208.0,209.0,1.0,0,Foot height diff 1.0px < threshold. NO BONUS.
383,15.32,204.0,210.0,6.0,0,Foot height diff 6.0px < threshold. NO BONUS.
384,15.36,207.0,211.0,4.0,0,Foot height diff 4.0px < threshold. NO BONUS.
385,15.4,208.0,213.0,5.0,0,Foot height diff 5.0px < threshold. NO BONUS.
386,15.44,208.0,212.0,4.0,0,Foot height diff 4.0px < threshold. NO BONUS.
387,15.48,207.0,212.0,5.0,0,Foot height diff 5.0px < threshold. NO BONUS.
388,15.52,207.0,213.0,6.0,0,Foot height diff 6.0px < threshold. NO BONUS.
389,15.56,207.0,213.0,6.0,0,Foot height diff 6.0px < threshold. NO BONUS.
390,15.6,207.0,213.0,6.0,0,Foot height diff 6.0px < threshold. NO BONUS.
408,16.32,214.0,218.0,4.0,0,Foot height diff 4.0px < threshold. NO BONUS.
409,16.36,214.0,218.0,4.0,0,Foot height diff 4.0px < threshold. NO BONUS.
410,16.4,215.0,219.0,4.0,0,Foot height diff 4.0px < threshold. NO BONUS.
411,16.44,215.0,220.0,5.0,0,Foot height diff 5.0px < threshold. NO BONUS.
412,16.48,215.0,220.0,5.0,0,Foot height diff 5.0px < threshold. NO BONUS.
413,16.52,215.0,220.0,5.0,0,Foot height diff 5.0px < threshold. NO BONUS.
414,16.56,215.0,219.0,4.0,0,Foot height diff 4.0px < threshold. NO BONUS.
415,16.6,216.0,219.0,3.0,0,Foot height diff 3.0px < threshold. NO BONUS.
416,16.64,215.0,219.0,4.0,0,Foot height diff 4.0px < threshold. NO BONUS.
417,16.68,216.0,219.0,3.0,0,Foot height diff 3.0px < threshold. NO BONUS.
418,16.72,216.0,219.0,3.0,0,Foot height diff 3.0px < threshold. NO BONUS.
419,16.76,216.0,218.0,2.0,0,Foot height diff 2.0px < threshold. NO BONUS.
420,16.8,216.0,218.0,2.0,0,Foot height diff 2.0px < threshold. NO BONUS.
421,16.84,216.0,218.0,2.0,0,Foot height diff 2.0px < threshold. NO BONUS.
422,16.88,216.0,218.0,2.0,0,Foot height diff 2.0px < threshold. NO BONUS.
423,16.92,216.0,218.0,2.0,0,Foot height diff 2.0px < threshold. NO BONUS.
424,16.96,216.0,218.0,2.0,0,Foot height diff 2.0px < threshold. NO BONUS.
425,17.0,216.0,218.0,2.0,0,Foot height diff 2.0px < threshold. NO BONUS.
426,17.04,216.0,218.0,2.0,0,Foot height diff 2.0px < threshold. NO BONUS.
427,17.08,216.0,218.0,2.0,0,Foot height diff 2.0px < threshold. NO BONUS.
428,17.12,216.0,218.0,2.0,0,Foot height diff 2.0px < threshold. NO BONUS.
429,17.16,216.0,218.0,2.0,0,Foot height diff 2.0px < threshold. NO BONUS.
430,17.2,216.0,218.0,2.0,0,Foot height diff 2.0px < threshold. NO BONUS.
431,17.24,216.0,218.0,2.0,0,Foot height diff 2.0px < threshold. NO BONUS.
432,17.28,216.0,218.0,2.0,0,Foot height diff 2.0px < threshold. NO BONUS.
433,17.32,216.0,218.0,2.0,0,Foot height diff 2.0px < threshold. NO BONUS.
434,17.36,216.0,218.0,2.0,0,Foot height diff 2.0px < threshold. NO BONUS.
435,17.4,216.0,218.0,2.0,0,Foot height diff 2.0px < threshold. NO BONUS.
436,17.44,216.0,218.0,2.0,0,Foot height diff 2.0px < threshold. NO BONUS.
437,17.48,216.0,218.0,2.0,0,Foot height diff 2.0px < threshold. NO BONUS.
438,17.52,216.0,218.0,2.0,0,Foot height diff 2.0px < threshold. NO BONUS.
439,17.56,216.0,218.0,2.0,0,Foot height diff 2.0px < threshold. NO BONUS.
440,17.6,216.0,218.0,2.0,0,Foot height diff 2.0px < threshold. NO BONUS.
441,17.64,216.0,218.0,2.0,0,Foot height diff 2.0px < threshold. NO BONUS.
442,17.68,216.0,218.0,2.0,0,Foot height diff 2.0px < threshold. NO BONUS.
443,17.72,216.0,218.0,2.0,0,Foot height diff 2.0px < threshold. NO BONUS.
444,17.76,216.0,218.0,2.0,0,Foot height diff 2.0px < threshold. NO BONUS.
445,17.8,216.0,218.0,2.0,0,Foot height diff 2.0px < threshold. NO BONUS.
446,17.84,216.0,218.0,2.0,0,Foot height diff 2.0px < threshold. NO BONUS.
447,17.88,216.0,218.0,2.0,0,Foot height diff 2.0px < threshold. NO BONUS.
448,17.92,216.0,218.0,2.0,0,Foot height diff 2.0px < threshold. NO BONUS.
449,17.96,216.0,218.0,2.0,0,Foot height diff 2.0px < threshold. NO BONUS.
450,18.0,216.0,218.0,2.0,0,Foot height diff 2.0px < threshold. NO BONUS.
451,18.04,216.0,218.0,2.0,0,Foot height diff 2.0px < threshold. NO BONUS.
452,18.08,216.0,218.0,2.0,0,Foot height diff 2.0px < threshold. NO BONUS.
453,18.12,216.0,218.0,2.0,0,Foot height diff 2.0px < threshold. NO BONUS.
454,18.16,216.0,218.0,2.0,0,Foot height diff 2.0px < threshold. NO BONUS.
455,18.2,216.0,218.0,2.0,0,Foot height diff 2.0px < threshold. NO BONUS.
456,18.24,216.0,218.0,2.0,0,Foot height diff 2.0px < threshold. NO BONUS.
457,18.28,216.0,218.0,2.0,0,Foot height diff 2.0px < threshold. NO BONUS.
458,18.32,216.0,217.0,1.0,0,Foot height diff 1.0px < threshold. NO BONUS.
459,18.36,216.0,217.0,1.0,0,Foot height diff 1.0px < threshold. NO BONUS.
460,18.4,216.0,217.0,1.0,0,Foot height diff 1.0px < threshold. NO BONUS.
461,18.44,216.0,217.0,1.0,0,Foot height diff 1.0px < threshold. NO BONUS.
462,18.48,216.0,217.0,1.0,0,Foot height diff 1.0px < threshold. NO BONUS.
463,18.52,216.0,217.0,1.0,0,Foot height diff 1.0px < threshold. NO BONUS.
464,18.56,216.0,217.0,1.0,0,Foot height diff 1.0px < threshold. NO BONUS.
465,18.6,216.0,218.0,2.0,0,Foot height diff 2.0px < threshold. NO BONUS.
466,18.64,216.0,219.0,3.0,0,Foot height diff 3.0px < threshold. NO BONUS.
467,18.68,216.0,219.0,3.0,0,Foot height diff 3.0px < threshold. NO BONUS.
468,18.72,216.0,219.0,3.0,0,Foot height diff 3.0px < threshold. NO BONUS.
469,18.76,217.0,220.0,3.0,0,Foot height diff 3.0px < threshold. NO BONUS.
470,18.8,217.0,220.0,3.0,0,Foot height diff 3.0px < threshold. NO BONUS.
471,18.84,217.0,221.0,4.0,0,Foot height diff 4.0px < threshold. NO BONUS.
472,18.88,217.0,221.0,4.0,0,Foot height diff 4.0px < threshold. NO BONUS.
473,18.92,218.0,221.0,3.0,0,Foot height diff 3.0px < threshold. NO BONUS.
474,18.96,218.0,222.0,4.0,0,Foot height diff 4.0px < threshold. NO BONUS.
475,19.0,218.0,222.0,4.0,0,Foot height diff 4.0px < threshold. NO BONUS.
476,19.04,218.0,222.0,4.0,0,Foot height diff 4.0px < threshold. NO BONUS.
477,19.08,218.0,222.0,4.0,0,Foot height diff 4.0px < threshold. NO BONUS.
478,19.12,218.0,222.0,4.0,0,Foot height diff 4.0px < threshold. NO BONUS.
479,19.16,218.0,221.0,3.0,0,Foot height diff 3.0px < threshold. NO BONUS.
480,19.2,218.0,221.0,3.0,0,Foot height diff 3.0px < threshold. NO BONUS.
481,19.24,218.0,221.0,3.0,0,Foot height diff 3.0px < threshold. NO BONUS.
482,19.28,218.0,221.0,3.0,0,Foot height diff 3.0px < threshold. NO BONUS.
483,19.32,218.0,221.0,3.0,0,Foot height diff 3.0px < threshold. NO BONUS.
484,19.36,218.0,221.0,3.0,0,Foot height diff 3.0px < threshold. NO BONUS.
485,19.4,218.0,221.0,3.0,0,Foot height diff 3.0px < threshold. NO BONUS.
486,19.44,218.0,221.0,3.0,0,Foot height diff 3.0px < threshold. NO BONUS.
487,19.48,218.0,221.0,3.0,0,Foot height diff 3.0px < threshold. NO BONUS.
488,19.52,218.0,220.0,2.0,0,Foot height diff 2.0px < threshold. NO BONUS.
489,19.56,218.0,220.0,2.0,0,Foot height diff 2.0px < threshold. NO BONUS.
490,19.6,218.0,220.0,2.0,0,Foot height diff 2.0px < threshold. NO BONUS.
491,19.64,218.0,220.0,2.0,0,Foot height diff 2.0px < threshold. NO BONUS.
492,19.68,218.0,220.0,2.0,0,Foot height diff 2.0px < threshold. NO BONUS.
493,19.72,218.0,220.0,2.0,0,Foot height diff 2.0px < threshold. NO BONUS.
494,19.76,218.0,220.0,2.0,0,Foot height diff 2.0px < threshold. NO BONUS.
495,19.8,218.0,220.0,2.0,0,Foot height diff 2.0px < threshold. NO BONUS.
496,19.84,218.0,220.0,2.0,0,Foot height diff 2.0px < threshold. NO BONUS.
497,19.88,218.0,220.0,2.0,0,Foot height diff 2.0px < threshold. NO BONUS.
498,19.92,218.0,219.0,1.0,0,Foot height diff 1.0px < threshold. NO BONUS.
499,19.96,218.0,219.0,1.0,0,Foot height diff 1.0px < threshold. NO BONUS.
500,20.0,218.0,219.0,1.0,0,Foot height diff 1.0px < threshold. NO BONUS.
501,20.04,218.0,219.0,1.0,0,Foot height diff 1.0px < threshold. NO BONUS.
502,20.08,218.0,219.0,1.0,0,Foot height diff 1.0px < threshold. NO BONUS.
503,20.12,218.0,219.0,1.0,0,Foot height diff 1.0px < threshold. NO BONUS.
504,20.16,218.0,219.0,1.0,0,Foot height diff 1.0px < threshold. NO BONUS.
505,20.2,218.0,219.0,1.0,0,Foot height diff 1.0px < threshold. NO BONUS.
506,20.24,218.0,219.0,1.0,0,Foot height diff 1.0px < threshold. NO BONUS.
507,20.28,218.0,219.0,1.0,0,Foot height diff 1.0px < threshold. NO BONUS.
508,20.32,218.0,219.0,1.0,0,Foot height diff 1.0px < threshold. NO BONUS.
509,20.36,218.0,219.0,1.0,0,Foot height diff 1.0px < threshold. NO BONUS.
510,20.4,218.0,219.0,1.0,0,Foot height diff 1.0px < threshold. NO BONUS.
511,20.44,218.0,219.0,1.0,0,Foot height diff 1.0px < threshold. NO BONUS.
512,20.48,218.0,219.0,1.0,0,Foot height diff 1.0px < threshold. NO BONUS.
513,20.52,218.0,219.0,1.0,0,Foot height diff 1.0px < threshold. NO BONUS.
514,20.56,218.0,219.0,1.0,0,Foot height diff 1.0px < threshold. NO BONUS.
515,20.6,218.0,219.0,1.0,0,Foot height diff 1.0px < threshold. NO BONUS.
516,20.64,218.0,219.0,1.0,0,Foot height diff 1.0px < threshold. NO BONUS.
517,20.68,218.0,219.0,1.0,0,Foot height diff 1.0px < threshold. NO BONUS.
518,20.72,218.0,219.0,1.0,0,Foot height diff 1.0px < threshold. NO BONUS.
519,20.76,218.0,219.0,1.0,0,Foot height diff 1.0px < threshold. NO BONUS.
520,20.8,218.0,219.0,1.0,0,Foot height diff 1.0px < threshold. NO BONUS.
521,20.84,218.0,219.0,1.0,0,Foot height diff 1.0px < threshold. NO BONUS.
522,20.88,218.0,219.0,1.0,0,Foot height diff 1.0px < threshold. NO BONUS.
523,20.92,218.0,219.0,1.0,0,Foot height diff 1.0px < threshold. NO BONUS.
524,20.96,218.0,219.0,1.0,0,Foot height diff 1.0px < threshold. NO BONUS.
525,21.0,218.0,219.0,1.0,0,Foot height diff 1.0px < threshold. NO BONUS.
526,21.04,218.0,219.0,1.0,0,Foot height diff 1.0px < threshold. NO BONUS.
527,21.08,218.0,219.0,1.0,0,Foot height diff 1.0px < threshold. NO BONUS.
528,21.12,218.0,219.0,1.0,0,Foot height diff 1.0px < threshold. NO BONUS.
529,21.16,218.0,219.0,1.0,0,Foot height diff 1.0px < threshold. NO BONUS.
530,21.2,218.0,219.0,1.0,0,Foot height diff 1.0px < threshold. NO BONUS.
531,21.24,218.0,219.0,1.0,0,Foot height diff 1.0px < threshold. NO BONUS.
532,21.28,218.0,219.0,1.0,0,Foot height diff 1.0px < threshold. NO BONUS.
533,21.32,218.0,219.0,1.0,0,Foot height diff 1.0px < threshold. NO BONUS.
534,21.36,218.0,219.0,1.0,0,Foot height diff 1.0px < threshold. NO BONUS.
535,21.4,218.0,219.0,1.0,0,Foot height diff 1.0px < threshold. NO BONUS.
536,21.44,218.0,219.0,1.0,0,Foot height diff 1.0px < threshold. NO BONUS.
537,21.48,218.0,219.0,1.0,0,Foot height diff 1.0px < threshold. NO BONUS.
538,21.52,218.0,219.0,1.0,0,Foot height diff 1.0px < threshold. NO BONUS.
539,21.56,218.0,219.0,1.0,0,Foot height diff 1.0px < threshold. NO BONUS.
540,21.6,218.0,219.0,1.0,0,Foot height diff 1.0px < threshold. NO BONUS.
541,21.64,218.0,219.0,1.0,0,Foot height diff 1.0px < threshold. NO BONUS.
542,21.68,218.0,219.0,1.0,0,Foot height diff 1.0px < threshold. NO BONUS.
543,21.72,218.0,219.0,1.0,0,Foot height diff 1.0px < threshold. NO BONUS.
544,21.76,218.0,219.0,1.0,0,Foot height diff 1.0px < threshold. NO BONUS.
545,21.8,218.0,219.0,1.0,0,Foot height diff 1.0px < threshold. NO BONUS.
546,21.84,218.0,219.0,1.0,0,Foot height diff 1.0px < threshold. NO BONUS.
547,21.88,218.0,219.0,1.0,0,Foot height diff 1.0px < threshold. NO BONUS.
548,21.92,218.0,219.0,1.0,0,Foot height diff 1.0px < threshold. NO BONUS.
549,21.96,218.0,219.0,1.0,0,Foot height diff 1.0px < threshold. NO BONUS.
550,22.0,218.0,219.0,1.0,0,Foot height diff 1.0px < threshold. NO BONUS.
551,22.04,218.0,219.0,1.0,0,Foot height diff 1.0px < threshold. NO BONUS.
552,22.08,218.0,219.0,1.0,0,Foot height diff 1.0px < threshold. NO BONUS.
553,22.12,218.0,219.0,1.0,0,Foot height diff 1.0px < threshold. NO BONUS.
554,22.16,218.0,219.0,1.0,0,Foot height diff 1.0px < threshold. NO BONUS.
555,22.2,218.0,219.0,1.0,0,Foot height diff 1.0px < threshold. NO BONUS.
556,22.24,218.0,219.0,1.0,0,Foot height diff 1.0px < threshold. NO BONUS.
557,22.28,218.0,219.0,1.0,0,Foot height diff 1.0px < threshold. NO BONUS.
558,22.32,218.0,219.0,1.0,0,Foot height diff 1.0px < threshold. NO BONUS.
559,22.36,218.0,219.0,1.0,0,Foot height diff 1.0px < threshold. NO BONUS.
560,22.4,218.0,219.0,1.0,0,Foot height diff 1.0px < threshold. NO BONUS.
561,22.44,218.0,219.0,1.0,0,Foot height diff 1.0px < threshold. NO BONUS.
562,22.48,218.0,219.0,1.0,0,Foot height diff 1.0px < threshold. NO BONUS.
563,22.52,218.0,219.0,1.0,0,Foot height diff 1.0px < threshold. NO BONUS.
564,22.56,218.0,218.0,0.0,0,Foot height diff 0.0px < threshold. NO BONUS.
565,22.6,219.0,218.0,1.0,0,Foot height diff 1.0px < threshold. NO BONUS.
566,22.64,219.0,218.0,1.0,0,Foot height diff 1.0px < threshold. NO BONUS.
567,22.68,219.0,218.0,1.0,0,Foot height diff 1.0px < threshold. NO BONUS.
568,22.72,219.0,218.0,1.0,0,Foot height diff 1.0px < threshold. NO BONUS.
569,22.76,219.0,218.0,1.0,0,Foot height diff 1.0px < threshold. NO BONUS.
570,22.8,219.0,218.0,1.0,0,Foot height diff 1.0px < threshold. NO BONUS.
571,22.84,219.0,218.0,1.0,0,Foot height diff 1.0px < threshold. NO BONUS.
572,22.88,219.0,218.0,1.0,0,Foot height diff 1.0px < threshold. NO BONUS.
573,22.92,219.0,218.0,1.0,0,Foot height diff 1.0px < threshold. NO BONUS.
574,22.96,219.0,218.0,1.0,0,Foot height diff 1.0px < threshold. NO BONUS.
575,23.0,219.0,218.0,1.0,0,Foot height diff 1.0px < threshold. NO BONUS.
576,23.04,219.0,218.0,1.0,0,Foot height diff 1.0px < threshold. NO BONUS.
577,23.08,219.0,218.0,1.0,0,Foot height diff 1.0px < threshold. NO BONUS.
578,23.12,219.0,218.0,1.0,0,Foot height diff 1.0px < threshold. NO BONUS.
579,23.16,219.0,218.0,1.0,0,Foot height diff 1.0px < threshold. NO BONUS.
580,23.2,219.0,218.0,1.0,0,Foot height diff 1.0px < threshold. NO BONUS.
581,23.24,219.0,218.0,1.0,0,Foot height diff 1.0px < threshold. NO BONUS.
582,23.28,219.0,217.0,2.0,0,Foot height diff 2.0px < threshold. NO BONUS.
583,23.32,219.0,217.0,2.0,0,Foot height diff 2.0px < threshold. NO BONUS.
584,23.36,219.0,217.0,2.0,0,Foot height diff 2.0px < threshold. NO BONUS.
585,23.4,219.0,217.0,2.0,0,Foot height diff 2.0px < threshold. NO BONUS.
