frame,time_s,left_y,right_y,left_on_ground,right_on_ground,height_diff,bonus_flag
17,0.68,321,308,0,0,13,0
18,0.72,321,309,0,0,12,0
19,0.76,321,311,0,0,10,0
20,0.8,322,311,0,0,11,0
21,0.84,322,311,0,0,11,0
22,0.88,322,311,0,0,11,0
23,0.92,322,311,0,0,11,0
24,0.96,322,312,0,0,10,0
25,1.0,322,312,0,0,10,0
26,1.04,322,312,0,0,10,0
27,1.08,322,312,0,0,10,0
28,1.12,322,312,0,0,10,0
29,1.16,322,313,0,0,9,0
30,1.2,322,313,0,0,9,0
31,1.24,322,313,0,0,9,0
32,1.28,322,313,0,0,9,0
33,1.32,322,313,0,0,9,0
34,1.36,322,313,0,0,9,0
35,1.4,322,313,0,0,9,0
36,1.44,322,313,0,0,9,0
37,1.48,322,313,0,0,9,0
38,1.52,322,313,0,0,9,0
39,1.56,322,313,0,0,9,0
40,1.6,323,311,0,0,12,0
41,1.64,323,310,0,0,13,0
42,1.68,323,309,0,0,14,0
43,1.72,323,308,0,0,15,0
44,1.76,323,308,0,0,15,0
45,1.8,323,308,0,0,15,0
46,1.84,323,308,0,0,15,0
47,1.88,323,308,0,0,15,0
48,1.92,323,308,0,0,15,0
49,1.96,323,308,0,0,15,0
50,2.0,323,308,0,0,15,0
51,2.04,323,308,0,0,15,0
52,2.08,323,308,0,0,15,0
53,2.12,323,308,0,0,15,0
54,2.16,323,308,0,0,15,0
55,2.2,323,308,0,0,15,0
56,2.24,323,308,0,0,15,0
57,2.28,323,308,0,0,15,0
58,2.32,323,308,0,0,15,0
59,2.36,323,308,0,0,15,0
60,2.4,323,308,0,0,15,0
61,2.44,323,308,0,0,15,0
62,2.48,323,308,0,0,15,0
63,2.52,323,308,0,0,15,0
64,2.56,323,308,0,0,15,0
65,2.6,323,308,0,0,15,0
77,3.08,328,309,0,0,19,0
78,3.12,331,310,0,0,21,0
79,3.16,335,310,0,0,25,0
80,3.2,335,309,0,0,26,0
81,3.24,334,309,0,0,25,0
82,3.28,334,309,0,0,25,0
83,3.32,334,309,0,0,25,0
84,3.36,334,309,0,0,25,0
85,3.4,334,310,0,0,24,0
86,3.44,334,309,0,0,25,0
87,3.48,334,309,0,0,25,0
88,3.52,334,309,0,0,25,0
89,3.56,334,309,0,0,25,0
90,3.6,334,309,0,0,25,0
91,3.64,334,309,0,0,25,0
92,3.68,334,309,0,0,25,0
93,3.72,334,309,0,0,25,0
112,4.48,320,321,0,0,1,0
113,4.52,317,321,0,0,4,0
114,4.56,318,321,0,0,3,0
115,4.6,318,320,0,0,2,0
116,4.64,319,320,0,0,1,0
117,4.68,318,320,0,0,2,0
118,4.72,318,320,0,0,2,0
119,4.76,317,320,0,0,3,0
120,4.8,318,321,0,0,3,0
121,4.84,318,321,0,0,3,0
122,4.88,318,321,0,0,3,0
123,4.92,318,323,0,0,5,0
124,4.96,317,324,0,0,7,0
125,5.0,317,324,0,0,7,0
126,5.04,316,323,0,0,7,0
127,5.08,316,323,0,0,7,0
128,5.12,315,327,0,0,12,0
129,5.16,315,327,0,0,12,0
130,5.2,316,325,0,0,9,0
131,5.24,316,323,0,0,7,0
132,5.28,316,326,0,0,10,0
133,5.32,316,324,0,0,8,0
134,5.36,316,323,0,0,7,0
135,5.4,316,322,0,0,6,0
136,5.44,316,321,0,0,5,0
137,5.48,316,321,0,0,5,0
138,5.52,316,321,0,0,5,0
139,5.56,319,316,0,0,3,0
140,5.6,322,314,0,0,8,0
141,5.64,322,314,0,0,8,0
142,5.68,322,313,0,0,9,0
143,5.72,317,314,0,0,3,0
144,5.76,315,317,0,0,2,0
145,5.8,315,322,0,0,7,0
146,5.84,314,322,0,0,8,0
147,5.88,314,323,0,0,9,0
159,6.36,341,320,0,0,21,0
160,6.4,344,320,0,0,24,0
161,6.44,345,316,0,0,29,0
162,6.48,344,315,0,0,29,0
163,6.52,341,313,0,0,28,0
164,6.56,342,313,0,0,29,0
165,6.6,341,314,0,0,27,0
166,6.64,340,316,0,0,24,0
167,6.68,339,318,0,0,21,0
168,6.72,339,319,0,0,20,0
169,6.76,339,321,0,0,18,0
170,6.8,339,323,0,0,16,0
184,7.36,336,325,0,0,11,0
185,7.4,335,309,0,0,26,0
186,7.44,301,327,0,0,26,0
187,7.48,321,311,0,0,10,0
188,7.52,325,313,0,0,12,0
189,7.56,315,327,0,0,12,0
191,7.64,303,293,0,0,10,0
192,7.68,306,292,0,0,14,0
193,7.72,307,292,0,0,15,0
194,7.76,307,292,0,0,15,0
195,7.8,308,291,0,0,17,0
196,7.84,308,291,0,0,17,0
197,7.88,308,289,0,0,19,0
198,7.92,307,289,0,0,18,0
199,7.96,307,289,0,0,18,0
200,8.0,307,290,0,0,17,0
201,8.04,307,290,0,0,17,0
202,8.08,307,290,0,0,17,0
220,8.8,310,303,0,0,7,0
221,8.84,311,303,0,0,8,0
222,8.88,312,305,0,0,7,0
223,8.92,312,306,0,0,6,0
224,8.96,312,306,0,0,6,0
225,9.0,312,306,0,0,6,0
226,9.04,312,305,0,0,7,0
227,9.08,312,305,0,0,7,0
228,9.12,312,305,0,0,7,0
229,9.16,312,305,0,0,7,0
230,9.2,311,305,0,0,6,0
231,9.24,310,307,0,0,3,0
232,9.28,310,307,0,0,3,0
233,9.32,309,305,0,0,4,0
234,9.36,309,305,0,0,4,0
235,9.4,309,305,0,0,4,0
236,9.44,309,305,0,0,4,0
237,9.48,309,304,0,0,5,0
238,9.52,309,303,0,0,6,0
239,9.56,310,329,0,0,19,0
240,9.6,320,334,0,0,14,0
241,9.64,327,331,0,0,4,0
242,9.68,325,333,0,0,8,0
243,9.72,325,334,0,0,9,0
244,9.76,326,333,0,0,7,0
245,9.8,327,333,0,0,6,0
246,9.84,327,332,0,0,5,0
247,9.88,327,333,0,0,6,0
248,9.92,328,334,0,0,6,0
249,9.96,331,334,0,0,3,0
250,10.0,331,335,0,0,4,0
251,10.04,330,335,0,0,5,0
252,10.08,330,335,0,0,5,0
253,10.12,329,334,0,0,5,0
254,10.16,329,334,0,0,5,0
255,10.2,327,335,0,0,8,0
256,10.24,327,335,0,0,8,0
257,10.28,326,335,0,0,9,0
258,10.32,327,335,0,0,8,0
259,10.36,327,335,0,0,8,0
260,10.4,328,335,0,0,7,0
261,10.44,328,334,0,0,6,0
262,10.48,328,334,0,0,6,0
263,10.52,328,333,0,0,5,0
264,10.56,328,333,0,0,5,0
265,10.6,329,333,0,0,4,0
266,10.64,329,333,0,0,4,0
267,10.68,329,333,0,0,4,0
268,10.72,329,333,0,0,4,0
269,10.76,329,333,0,0,4,0
270,10.8,327,333,0,0,6,0
271,10.84,326,333,0,0,7,0
272,10.88,325,333,0,0,8,0
273,10.92,325,333,0,0,8,0
274,10.96,325,332,0,0,7,0
275,11.0,325,332,0,0,7,0
276,11.04,325,332,0,0,7,0
277,11.08,325,332,0,0,7,0
278,11.12,325,332,0,0,7,0
279,11.16,325,332,0,0,7,0
280,11.2,325,332,0,0,7,0
281,11.24,325,332,0,0,7,0
282,11.28,325,332,0,0,7,0
283,11.32,325,332,0,0,7,0
284,11.36,325,332,0,0,7,0
285,11.4,325,332,0,0,7,0
286,11.44,325,332,0,0,7,0
287,11.48,325,332,0,0,7,0
288,11.52,325,332,0,0,7,0
289,11.56,325,332,0,0,7,0
290,11.6,325,332,0,0,7,0
291,11.64,325,332,0,0,7,0
292,11.68,325,332,0,0,7,0
293,11.72,325,332,0,0,7,0
294,11.76,325,332,0,0,7,0
295,11.8,325,332,0,0,7,0
296,11.84,325,332,0,0,7,0
297,11.88,325,332,0,0,7,0
298,11.92,325,332,0,0,7,0
299,11.96,325,332,0,0,7,0
300,12.0,325,332,0,0,7,0
301,12.04,325,332,0,0,7,0
302,12.08,325,332,0,0,7,0
303,12.12,326,332,0,0,6,0
304,12.16,326,332,0,0,6,0
305,12.2,326,332,0,0,6,0
306,12.24,326,332,0,0,6,0
307,12.28,326,332,0,0,6,0
308,12.32,326,332,0,0,6,0
309,12.36,326,332,0,0,6,0
310,12.4,326,332,0,0,6,0
311,12.44,326,332,0,0,6,0
312,12.48,326,332,0,0,6,0
313,12.52,326,332,0,0,6,0
314,12.56,326,332,0,0,6,0
315,12.6,326,332,0,0,6,0
316,12.64,326,332,0,0,6,0
317,12.68,326,332,0,0,6,0
318,12.72,326,332,0,0,6,0
319,12.76,326,332,0,0,6,0
320,12.8,326,332,0,0,6,0
321,12.84,326,332,0,0,6,0
322,12.88,326,332,0,0,6,0
323,12.92,326,332,0,0,6,0
324,12.96,326,332,0,0,6,0
325,13.0,326,332,0,0,6,0
326,13.04,326,332,0,0,6,0
327,13.08,326,332,0,0,6,0
328,13.12,326,332,0,0,6,0
329,13.16,326,332,0,0,6,0
330,13.2,326,332,0,0,6,0
331,13.24,326,332,0,0,6,0
332,13.28,326,332,0,0,6,0
333,13.32,326,332,0,0,6,0
334,13.36,326,332,0,0,6,0
335,13.4,326,332,0,0,6,0
336,13.44,326,332,0,0,6,0
