frame,time_s,left_height_px,right_height_px,left_on_mat,right_on_mat,height_diff,bonus_flag,bonus_reason
39,1.56,15,-68,1,1,83,1,Height diff: 83.0px
40,1.6,11,-64,1,1,75,1,Height diff: 75.0px
41,1.64,-3,-65,1,1,62,1,Height diff: 62.0px
42,1.68,1,-65,1,1,66,1,Height diff: 66.0px
43,1.72,3,-65,1,1,68,1,Height diff: 68.0px
44,1.76,4,-66,1,1,70,1,Height diff: 70.0px
45,1.8,2,-67,1,1,69,1,Height diff: 69.0px
46,1.84,1,-67,1,1,68,1,Height diff: 68.0px
47,1.88,-1,-67,1,1,66,1,Height diff: 66.0px
48,1.92,-1,-67,1,1,66,1,Height diff: 66.0px
49,1.96,-1,-67,1,1,66,1,Height diff: 66.0px
50,2.0,-1,-67,1,1,66,1,Height diff: 66.0px
51,2.04,0,-68,1,1,68,1,Height diff: 68.0px
52,2.08,3,-67,1,1,70,1,Height diff: 70.0px
53,2.12,4,-66,1,1,70,1,Height diff: 70.0px
54,2.16,5,-66,1,1,71,1,Height diff: 71.0px
55,2.2,5,-66,1,1,71,1,Height diff: 71.0px
56,2.24,6,-66,1,1,72,1,Height diff: 72.0px
57,2.28,7,-66,1,1,73,1,Height diff: 73.0px
58,2.32,7,-66,1,1,73,1,Height diff: 73.0px
59,2.36,7,-66,1,1,73,1,Height diff: 73.0px
60,2.4,-16,-87,1,1,71,1,Height diff: 71.0px
61,2.44,-19,-87,1,1,68,1,Height diff: 68.0px
62,2.48,-21,-87,1,1,66,1,Height diff: 66.0px
63,2.52,-20,-87,1,1,67,1,Height diff: 67.0px
64,2.56,-22,-87,1,1,65,1,Height diff: 65.0px
65,2.6,-27,-87,1,1,60,1,Height diff: 60.0px
66,2.64,-28,-87,1,1,59,1,Height diff: 59.0px
67,2.68,-29,-87,1,1,58,1,Height diff: 58.0px
68,2.72,-29,-87,1,1,58,1,Height diff: 58.0px
69,2.76,-28,-88,1,1,60,1,Height diff: 60.0px
70,2.8,-28,-88,1,1,60,1,Height diff: 60.0px
71,2.84,-25,-88,1,1,63,1,Height diff: 63.0px
72,2.88,-23,-88,1,1,65,1,Height diff: 65.0px
73,2.92,-20,-88,1,1,68,1,Height diff: 68.0px
74,2.96,-19,-88,1,1,69,1,Height diff: 69.0px
76,3.04,-98,-83,1,1,15,0,Diff 15.0px too low
77,3.08,-91,-83,1,1,8,0,Diff 8.0px too low
78,3.12,-91,-84,1,1,7,0,Diff 7.0px too low
79,3.16,-91,-84,1,1,7,0,Diff 7.0px too low
80,3.2,-86,-96,1,1,10,0,Diff 10.0px too low
81,3.24,-83,-99,1,1,16,0,Diff 16.0px too low
82,3.28,-83,-97,1,1,14,0,Diff 14.0px too low
83,3.32,-82,-96,1,1,14,0,Diff 14.0px too low
84,3.36,-82,-98,1,1,16,0,Diff 16.0px too low
85,3.4,-82,-98,1,1,16,0,Diff 16.0px too low
86,3.44,-82,-98,1,1,16,0,Diff 16.0px too low
87,3.48,-82,-99,1,1,17,0,Diff 17.0px too low
88,3.52,-82,-98,1,1,16,0,Diff 16.0px too low
89,3.56,-87,-85,1,1,2,0,Diff 2.0px too low
90,3.6,-86,-83,1,1,3,0,Diff 3.0px too low
91,3.64,-84,-92,1,1,8,0,Diff 8.0px too low
92,3.68,-87,-92,1,1,5,0,Diff 5.0px too low
93,3.72,-91,-84,1,1,7,0,Diff 7.0px too low
94,3.76,-93,-83,1,1,10,0,Diff 10.0px too low
95,3.8,-95,-82,1,1,13,0,Diff 13.0px too low
96,3.84,-95,-82,1,1,13,0,Diff 13.0px too low
97,3.88,-95,-82,1,1,13,0,Diff 13.0px too low
98,3.92,-95,-82,1,1,13,0,Diff 13.0px too low
99,3.96,-95,-82,1,1,13,0,Diff 13.0px too low
100,4.0,-95,-82,1,1,13,0,Diff 13.0px too low
101,4.04,-87,-92,1,1,5,0,Diff 5.0px too low
102,4.08,-84,-95,1,1,11,0,Diff 11.0px too low
103,4.12,-83,-96,1,1,13,0,Diff 13.0px too low
104,4.16,-83,-97,1,1,14,0,Diff 14.0px too low
105,4.2,-83,-98,1,1,15,0,Diff 15.0px too low
106,4.24,-84,-97,1,1,13,0,Diff 13.0px too low
107,4.28,-85,-97,1,1,12,0,Diff 12.0px too low
108,4.32,-85,-97,1,1,12,0,Diff 12.0px too low
109,4.36,-88,-86,1,1,2,0,Diff 2.0px too low
110,4.4,-91,-83,1,1,8,0,Diff 8.0px too low
111,4.44,-92,-82,1,1,10,0,Diff 10.0px too low
112,4.48,-93,-82,1,1,11,0,Diff 11.0px too low
113,4.52,-96,-83,1,1,13,0,Diff 13.0px too low
114,4.56,-97,-83,1,1,14,0,Diff 14.0px too low
115,4.6,-98,-83,1,1,15,0,Diff 15.0px too low
116,4.64,-98,-83,1,1,15,0,Diff 15.0px too low
117,4.68,-98,-83,1,1,15,0,Diff 15.0px too low
118,4.72,-98,-83,1,1,15,0,Diff 15.0px too low
119,4.76,-98,-83,1,1,15,0,Diff 15.0px too low
120,4.8,-98,-83,1,1,15,0,Diff 15.0px too low
121,4.84,-98,-83,1,1,15,0,Diff 15.0px too low
122,4.88,-98,-83,1,1,15,0,Diff 15.0px too low
123,4.92,-98,-83,1,1,15,0,Diff 15.0px too low
124,4.96,-98,-83,1,1,15,0,Diff 15.0px too low
125,5.0,-98,-83,1,1,15,0,Diff 15.0px too low
126,5.04,-98,-83,1,1,15,0,Diff 15.0px too low
127,5.08,-98,-83,1,1,15,0,Diff 15.0px too low
128,5.12,-98,-83,1,1,15,0,Diff 15.0px too low
129,5.16,-98,-83,1,1,15,0,Diff 15.0px too low
130,5.2,-98,-83,1,1,15,0,Diff 15.0px too low
147,5.88,-118,-94,1,1,24,0,Diff 24.0px too low
148,5.92,-124,-101,1,1,23,0,Diff 23.0px too low
149,5.96,-125,-93,1,1,32,1,Height diff: 32.0px
150,6.0,-99,-65,1,1,34,1,Height diff: 34.0px
151,6.04,-99,-72,1,1,27,0,Diff 27.0px too low
152,6.08,-100,-69,1,1,31,1,Height diff: 31.0px
153,6.12,-100,-73,1,1,27,0,Diff 27.0px too low
154,6.16,-98,-70,1,1,28,0,Diff 28.0px too low
155,6.2,-96,-71,1,1,25,0,Diff 25.0px too low
156,6.24,-97,-75,1,1,22,0,Diff 22.0px too low
157,6.28,-98,-73,1,1,25,0,Diff 25.0px too low
158,6.32,-98,-73,1,1,25,0,Diff 25.0px too low
159,6.36,-98,-71,1,1,27,0,Diff 27.0px too low
160,6.4,-98,-70,1,1,28,0,Diff 28.0px too low
161,6.44,-98,-68,1,1,30,0,Diff 30.0px too low
162,6.48,-98,-67,1,1,31,1,Height diff: 31.0px
163,6.52,-97,-67,1,1,30,0,Diff 30.0px too low
164,6.56,-97,-67,1,1,30,0,Diff 30.0px too low
165,6.6,-97,-67,1,1,30,0,Diff 30.0px too low
166,6.64,-98,-67,1,1,31,1,Height diff: 31.0px
167,6.68,-98,-68,1,1,30,0,Diff 30.0px too low
168,6.72,-97,-68,1,1,29,0,Diff 29.0px too low
169,6.76,-97,-67,1,1,30,0,Diff 30.0px too low
170,6.8,-97,-67,1,1,30,0,Diff 30.0px too low
171,6.84,-97,-67,1,1,30,0,Diff 30.0px too low
172,6.88,-97,-67,1,1,30,0,Diff 30.0px too low
173,6.92,-98,-68,1,1,30,0,Diff 30.0px too low
174,6.96,-99,-77,1,1,22,0,Diff 22.0px too low
175,7.0,-96,-80,1,1,16,0,Diff 16.0px too low
176,7.04,-98,-74,1,1,24,0,Diff 24.0px too low
177,7.08,-98,-75,1,1,23,0,Diff 23.0px too low
178,7.12,-98,-74,1,1,24,0,Diff 24.0px too low
179,7.16,-97,-73,1,1,24,0,Diff 24.0px too low
180,7.2,-97,-75,1,1,22,0,Diff 22.0px too low
181,7.24,-97,-73,1,1,24,0,Diff 24.0px too low
182,7.28,-98,-72,1,1,26,0,Diff 26.0px too low
183,7.32,-98,-72,1,1,26,0,Diff 26.0px too low
184,7.36,-98,-72,1,1,26,0,Diff 26.0px too low
185,7.4,-98,-72,1,1,26,0,Diff 26.0px too low
186,7.44,-98,-73,1,1,25,0,Diff 25.0px too low
187,7.48,-97,-73,1,1,24,0,Diff 24.0px too low
188,7.52,-97,-73,1,1,24,0,Diff 24.0px too low
189,7.56,-97,-74,1,1,23,0,Diff 23.0px too low
190,7.6,-96,-74,1,1,22,0,Diff 22.0px too low
213,8.52,-197,-221,1,1,24,0,Diff 24.0px too low
214,8.56,-201,-223,1,1,22,0,Diff 22.0px too low
215,8.6,-192,-222,1,1,30,0,Diff 30.0px too low
216,8.64,-211,-216,1,1,5,0,Diff 5.0px too low
217,8.68,-211,-216,1,1,5,0,Diff 5.0px too low
218,8.72,-211,-213,1,1,2,0,Diff 2.0px too low
219,8.76,-214,-214,1,1,0,0,Diff 0.0px too low
220,8.8,-213,-214,1,1,1,0,Diff 1.0px too low
221,8.84,-212,-216,1,1,4,0,Diff 4.0px too low
222,8.88,-212,-216,1,1,4,0,Diff 4.0px too low
223,8.92,-212,-215,1,1,3,0,Diff 3.0px too low
224,8.96,-213,-216,1,1,3,0,Diff 3.0px too low
225,9.0,-213,-218,1,1,5,0,Diff 5.0px too low
226,9.04,-213,-219,1,1,6,0,Diff 6.0px too low
227,9.08,-213,-218,1,1,5,0,Diff 5.0px too low
228,9.12,-213,-218,1,1,5,0,Diff 5.0px too low
229,9.16,-213,-220,1,1,7,0,Diff 7.0px too low
230,9.2,-214,-221,1,1,7,0,Diff 7.0px too low
231,9.24,-214,-221,1,1,7,0,Diff 7.0px too low
232,9.28,-214,-221,1,1,7,0,Diff 7.0px too low
233,9.32,-214,-220,1,1,6,0,Diff 6.0px too low
234,9.36,-214,-220,1,1,6,0,Diff 6.0px too low
235,9.4,-214,-220,1,1,6,0,Diff 6.0px too low
236,9.44,-214,-220,1,1,6,0,Diff 6.0px too low
237,9.48,-215,-220,1,1,5,0,Diff 5.0px too low
238,9.52,-215,-220,1,1,5,0,Diff 5.0px too low
239,9.56,-215,-220,1,1,5,0,Diff 5.0px too low
240,9.6,-276,-282,1,1,6,0,Diff 6.0px too low
241,9.64,-276,-282,1,1,6,0,Diff 6.0px too low
242,9.68,-276,-282,1,1,6,0,Diff 6.0px too low
243,9.72,-276,-282,1,1,6,0,Diff 6.0px too low
244,9.76,-275,-282,1,1,7,0,Diff 7.0px too low
245,9.8,-275,-281,1,1,6,0,Diff 6.0px too low
246,9.84,-275,-281,1,1,6,0,Diff 6.0px too low
247,9.88,-275,-283,1,1,8,0,Diff 8.0px too low
248,9.92,-276,-283,1,1,7,0,Diff 7.0px too low
249,9.96,-277,-283,1,1,6,0,Diff 6.0px too low
250,10.0,-277,-283,1,1,6,0,Diff 6.0px too low
251,10.04,-277,-284,1,1,7,0,Diff 7.0px too low
252,10.08,-277,-283,1,1,6,0,Diff 6.0px too low
253,10.12,-256,-257,1,1,1,0,Diff 1.0px too low
255,10.2,-249,-235,1,1,14,0,Diff 14.0px too low
256,10.24,-241,-236,1,1,5,0,Diff 5.0px too low
257,10.28,-241,-236,1,1,5,0,Diff 5.0px too low
258,10.32,-241,-236,1,1,5,0,Diff 5.0px too low
259,10.36,-241,-236,1,1,5,0,Diff 5.0px too low
260,10.4,-241,-236,1,1,5,0,Diff 5.0px too low
261,10.44,-241,-236,1,1,5,0,Diff 5.0px too low
262,10.48,-241,-236,1,1,5,0,Diff 5.0px too low
263,10.52,-241,-236,1,1,5,0,Diff 5.0px too low
264,10.56,-241,-236,1,1,5,0,Diff 5.0px too low
265,10.6,-196,-195,1,1,1,0,Diff 1.0px too low
266,10.64,-228,-223,1,1,5,0,Diff 5.0px too low
267,10.68,-258,-270,1,1,12,0,Diff 12.0px too low
268,10.72,-278,-279,1,1,1,0,Diff 1.0px too low
269,10.76,-277,-283,1,1,6,0,Diff 6.0px too low
270,10.8,-274,-286,1,1,12,0,Diff 12.0px too low
271,10.84,-277,-280,1,1,3,0,Diff 3.0px too low
272,10.88,-280,-280,1,1,0,0,Diff 0.0px too low
273,10.92,-281,-282,1,1,1,0,Diff 1.0px too low
274,10.96,-282,-283,1,1,1,0,Diff 1.0px too low
275,11.0,-281,-278,1,1,3,0,Diff 3.0px too low
276,11.04,-281,-281,1,1,0,0,Diff 0.0px too low
277,11.08,-279,-281,1,1,2,0,Diff 2.0px too low
278,11.12,-286,-281,1,1,5,0,Diff 5.0px too low
279,11.16,-279,-281,1,1,2,0,Diff 2.0px too low
280,11.2,-279,-282,1,1,3,0,Diff 3.0px too low
281,11.24,-279,-282,1,1,3,0,Diff 3.0px too low
282,11.28,-279,-283,1,1,4,0,Diff 4.0px too low
283,11.32,-280,-284,1,1,4,0,Diff 4.0px too low
284,11.36,-280,-283,1,1,3,0,Diff 3.0px too low
285,11.4,-279,-283,1,1,4,0,Diff 4.0px too low
286,11.44,-279,-284,1,1,5,0,Diff 5.0px too low
287,11.48,-278,-284,1,1,6,0,Diff 6.0px too low
288,11.52,-278,-284,1,1,6,0,Diff 6.0px too low
289,11.56,-278,-284,1,1,6,0,Diff 6.0px too low
290,11.6,-278,-284,1,1,6,0,Diff 6.0px too low
291,11.64,-278,-284,1,1,6,0,Diff 6.0px too low
292,11.68,-278,-283,1,1,5,0,Diff 5.0px too low
293,11.72,-278,-283,1,1,5,0,Diff 5.0px too low
294,11.76,-278,-283,1,1,5,0,Diff 5.0px too low
295,11.8,-278,-283,1,1,5,0,Diff 5.0px too low
296,11.84,-278,-283,1,1,5,0,Diff 5.0px too low
297,11.88,-278,-283,1,1,5,0,Diff 5.0px too low
298,11.92,-278,-283,1,1,5,0,Diff 5.0px too low
299,11.96,-278,-283,1,1,5,0,Diff 5.0px too low
300,12.0,-278,-283,1,1,5,0,Diff 5.0px too low
301,12.04,-277,-283,1,1,6,0,Diff 6.0px too low
302,12.08,-277,-283,1,1,6,0,Diff 6.0px too low
303,12.12,-277,-283,1,1,6,0,Diff 6.0px too low
304,12.16,-277,-283,1,1,6,0,Diff 6.0px too low
305,12.2,-277,-283,1,1,6,0,Diff 6.0px too low
306,12.24,-277,-283,1,1,6,0,Diff 6.0px too low
307,12.28,-278,-283,1,1,5,0,Diff 5.0px too low
308,12.32,-278,-283,1,1,5,0,Diff 5.0px too low
309,12.36,-278,-283,1,1,5,0,Diff 5.0px too low
310,12.4,-278,-283,1,1,5,0,Diff 5.0px too low
311,12.44,-278,-283,1,1,5,0,Diff 5.0px too low
312,12.48,-278,-283,1,1,5,0,Diff 5.0px too low
313,12.52,-278,-283,1,1,5,0,Diff 5.0px too low
314,12.56,-278,-283,1,1,5,0,Diff 5.0px too low
315,12.6,-278,-283,1,1,5,0,Diff 5.0px too low
316,12.64,-278,-283,1,1,5,0,Diff 5.0px too low
340,13.6,-149,-154,1,1,5,0,Diff 5.0px too low
341,13.64,-133,-152,1,1,19,0,Diff 19.0px too low
342,13.68,-119,-148,1,1,29,0,Diff 29.0px too low
343,13.72,-130,-149,1,1,19,0,Diff 19.0px too low
344,13.76,-132,-147,1,1,15,0,Diff 15.0px too low
345,13.8,-112,-146,1,1,34,1,Height diff: 34.0px
346,13.84,-115,-146,1,1,31,1,Height diff: 31.0px
347,13.88,-116,-142,1,1,26,0,Diff 26.0px too low
348,13.92,-82,-135,1,1,53,1,Height diff: 53.0px
349,13.96,-101,-138,1,1,37,1,Height diff: 37.0px
350,14.0,-106,-139,1,1,33,1,Height diff: 33.0px
351,14.04,-108,-140,1,1,32,1,Height diff: 32.0px
352,14.08,-110,-140,1,1,30,0,Diff 30.0px too low
353,14.12,-110,-140,1,1,30,0,Diff 30.0px too low
354,14.16,-112,-140,1,1,28,0,Diff 28.0px too low
355,14.2,-112,-140,1,1,28,0,Diff 28.0px too low
356,14.24,-113,-140,1,1,27,0,Diff 27.0px too low
357,14.28,-113,-140,1,1,27,0,Diff 27.0px too low
358,14.32,-113,-140,1,1,27,0,Diff 27.0px too low
359,14.36,-169,-156,1,1,13,0,Diff 13.0px too low
360,14.4,-64,-51,1,1,13,0,Diff 13.0px too low
361,14.44,-64,-49,1,1,15,0,Diff 15.0px too low
362,14.48,-65,-51,1,1,14,0,Diff 14.0px too low
363,14.52,-65,-49,1,1,16,0,Diff 16.0px too low
364,14.56,-65,-50,1,1,15,0,Diff 15.0px too low
365,14.6,-65,-51,1,1,14,0,Diff 14.0px too low
366,14.64,-63,-51,1,1,12,0,Diff 12.0px too low
367,14.68,-62,-50,1,1,12,0,Diff 12.0px too low
368,14.72,-60,-52,1,1,8,0,Diff 8.0px too low
369,14.76,-60,-52,1,1,8,0,Diff 8.0px too low
370,14.8,-60,-52,1,1,8,0,Diff 8.0px too low
371,14.84,-59,-52,1,1,7,0,Diff 7.0px too low
372,14.88,-58,-52,1,1,6,0,Diff 6.0px too low
373,14.92,-59,-53,1,1,6,0,Diff 6.0px too low
374,14.96,-59,-53,1,1,6,0,Diff 6.0px too low
375,15.0,-60,-53,1,1,7,0,Diff 7.0px too low
376,15.04,-60,-53,1,1,7,0,Diff 7.0px too low
377,15.08,-60,-53,1,1,7,0,Diff 7.0px too low
378,15.12,-60,-53,1,1,7,0,Diff 7.0px too low
379,15.16,-60,-53,1,1,7,0,Diff 7.0px too low
380,15.2,-60,-53,1,1,7,0,Diff 7.0px too low
381,15.24,-60,-53,1,1,7,0,Diff 7.0px too low
382,15.28,-61,-53,1,1,8,0,Diff 8.0px too low
383,15.32,-61,-53,1,1,8,0,Diff 8.0px too low
384,15.36,-61,-53,1,1,8,0,Diff 8.0px too low
385,15.4,-61,-53,1,1,8,0,Diff 8.0px too low
386,15.44,-61,-53,1,1,8,0,Diff 8.0px too low
387,15.48,-61,-54,1,1,7,0,Diff 7.0px too low
388,15.52,-61,-54,1,1,7,0,Diff 7.0px too low
389,15.56,-61,-54,1,1,7,0,Diff 7.0px too low
390,15.6,-61,-54,1,1,7,0,Diff 7.0px too low
391,15.64,-61,-54,1,1,7,0,Diff 7.0px too low
392,15.68,-61,-54,1,1,7,0,Diff 7.0px too low
393,15.72,-61,-54,1,1,7,0,Diff 7.0px too low
394,15.76,-61,-54,1,1,7,0,Diff 7.0px too low
395,15.8,-61,-54,1,1,7,0,Diff 7.0px too low
396,15.84,-61,-54,1,1,7,0,Diff 7.0px too low
397,15.88,-61,-54,1,1,7,0,Diff 7.0px too low
398,15.92,-61,-54,1,1,7,0,Diff 7.0px too low
399,15.96,-61,-54,1,1,7,0,Diff 7.0px too low
400,16.0,-61,-54,1,1,7,0,Diff 7.0px too low
401,16.04,-61,-54,1,1,7,0,Diff 7.0px too low
402,16.08,-61,-54,1,1,7,0,Diff 7.0px too low
403,16.12,-61,-54,1,1,7,0,Diff 7.0px too low
404,16.16,-61,-54,1,1,7,0,Diff 7.0px too low
405,16.2,-61,-54,1,1,7,0,Diff 7.0px too low
406,16.24,-61,-54,1,1,7,0,Diff 7.0px too low
407,16.28,-61,-54,1,1,7,0,Diff 7.0px too low
408,16.32,-61,-54,1,1,7,0,Diff 7.0px too low
409,16.36,-61,-54,1,1,7,0,Diff 7.0px too low
410,16.4,-61,-54,1,1,7,0,Diff 7.0px too low
411,16.44,-61,-54,1,1,7,0,Diff 7.0px too low
412,16.48,-61,-54,1,1,7,0,Diff 7.0px too low
413,16.52,-61,-54,1,1,7,0,Diff 7.0px too low
414,16.56,-61,-54,1,1,7,0,Diff 7.0px too low
415,16.6,-57,-50,1,1,7,0,Diff 7.0px too low
416,16.64,-62,-51,1,1,11,0,Diff 11.0px too low
417,16.68,-58,-53,1,1,5,0,Diff 5.0px too low
418,16.72,-66,-55,1,1,11,0,Diff 11.0px too low
419,16.76,-66,-52,1,1,14,0,Diff 14.0px too low
420,16.8,-63,-54,1,1,9,0,Diff 9.0px too low
421,16.84,-62,-56,1,1,6,0,Diff 6.0px too low
422,16.88,-60,-56,1,1,4,0,Diff 4.0px too low
423,16.92,-58,-53,1,1,5,0,Diff 5.0px too low
424,16.96,-57,-52,1,1,5,0,Diff 5.0px too low
425,17.0,-56,-53,1,1,3,0,Diff 3.0px too low
426,17.04,-60,-54,1,1,6,0,Diff 6.0px too low
427,17.08,-59,-53,1,1,6,0,Diff 6.0px too low
428,17.12,-61,-53,1,1,8,0,Diff 8.0px too low
429,17.16,-64,-56,1,1,8,0,Diff 8.0px too low
430,17.2,-64,-55,1,1,9,0,Diff 9.0px too low
431,17.24,-64,-54,1,1,10,0,Diff 10.0px too low
432,17.28,-63,-54,1,1,9,0,Diff 9.0px too low
433,17.32,-65,-54,1,1,11,0,Diff 11.0px too low
434,17.36,-64,-54,1,1,10,0,Diff 10.0px too low
435,17.4,-64,-53,1,1,11,0,Diff 11.0px too low
436,17.44,-66,-53,1,1,13,0,Diff 13.0px too low
437,17.48,-67,-50,1,1,17,0,Diff 17.0px too low
438,17.52,-66,-48,1,1,18,0,Diff 18.0px too low
439,17.56,-65,-48,1,1,17,0,Diff 17.0px too low
440,17.6,-64,-47,1,1,17,0,Diff 17.0px too low
441,17.64,-64,-47,1,1,17,0,Diff 17.0px too low
442,17.68,-63,-47,1,1,16,0,Diff 16.0px too low
443,17.72,-63,-47,1,1,16,0,Diff 16.0px too low
444,17.76,-62,-47,1,1,15,0,Diff 15.0px too low
445,17.8,-62,-47,1,1,15,0,Diff 15.0px too low
446,17.84,-62,-47,1,1,15,0,Diff 15.0px too low
447,17.88,-60,-47,1,1,13,0,Diff 13.0px too low
448,17.92,-60,-47,1,1,13,0,Diff 13.0px too low
449,17.96,-60,-47,1,1,13,0,Diff 13.0px too low
450,18.0,-62,-47,1,1,15,0,Diff 15.0px too low
451,18.04,-62,-49,1,1,13,0,Diff 13.0px too low
452,18.08,-62,-49,1,1,13,0,Diff 13.0px too low
453,18.12,-60,-50,1,1,10,0,Diff 10.0px too low
454,18.16,-62,-50,1,1,12,0,Diff 12.0px too low
455,18.2,-63,-49,1,1,14,0,Diff 14.0px too low
456,18.24,-63,-49,1,1,14,0,Diff 14.0px too low
457,18.28,-59,-49,1,1,10,0,Diff 10.0px too low
458,18.32,-57,-48,1,1,9,0,Diff 9.0px too low
459,18.36,-53,-48,1,1,5,0,Diff 5.0px too low
460,18.4,-52,-49,1,1,3,0,Diff 3.0px too low
461,18.44,-53,-49,1,1,4,0,Diff 4.0px too low
462,18.48,-54,-50,1,1,4,0,Diff 4.0px too low
463,18.52,-66,-50,1,1,16,0,Diff 16.0px too low
464,18.56,-71,-48,1,1,23,0,Diff 23.0px too low
465,18.6,-73,-49,1,1,24,0,Diff 24.0px too low
466,18.64,-74,-51,1,1,23,0,Diff 23.0px too low
467,18.68,-73,-52,1,1,21,0,Diff 21.0px too low
468,18.72,-74,-52,1,1,22,0,Diff 22.0px too low
469,18.76,-74,-51,1,1,23,0,Diff 23.0px too low
470,18.8,-73,-51,1,1,22,0,Diff 22.0px too low
471,18.84,-73,-50,1,1,23,0,Diff 23.0px too low
472,18.88,-73,-50,1,1,23,0,Diff 23.0px too low
473,18.92,-72,-51,1,1,21,0,Diff 21.0px too low
474,18.96,-72,-51,1,1,21,0,Diff 21.0px too low
475,19.0,-72,-52,1,1,20,0,Diff 20.0px too low
476,19.04,-72,-55,1,1,17,0,Diff 17.0px too low
477,19.08,-72,-56,1,1,16,0,Diff 16.0px too low
478,19.12,-72,-56,1,1,16,0,Diff 16.0px too low
479,19.16,-72,-57,1,1,15,0,Diff 15.0px too low
480,19.2,-72,-57,1,1,15,0,Diff 15.0px too low
481,19.24,-72,-57,1,1,15,0,Diff 15.0px too low
482,19.28,-72,-56,1,1,16,0,Diff 16.0px too low
483,19.32,-72,-56,1,1,16,0,Diff 16.0px too low
484,19.36,-72,-56,1,1,16,0,Diff 16.0px too low
485,19.4,-72,-56,1,1,16,0,Diff 16.0px too low
486,19.44,-72,-56,1,1,16,0,Diff 16.0px too low
487,19.48,-72,-56,1,1,16,0,Diff 16.0px too low
488,19.52,-72,-56,1,1,16,0,Diff 16.0px too low
489,19.56,-72,-56,1,1,16,0,Diff 16.0px too low
490,19.6,-72,-57,1,1,15,0,Diff 15.0px too low
491,19.64,-72,-57,1,1,15,0,Diff 15.0px too low
492,19.68,-72,-57,1,1,15,0,Diff 15.0px too low
493,19.72,-72,-56,1,1,16,0,Diff 16.0px too low
494,19.76,-72,-56,1,1,16,0,Diff 16.0px too low
495,19.8,-72,-56,1,1,16,0,Diff 16.0px too low
496,19.84,-72,-56,1,1,16,0,Diff 16.0px too low
497,19.88,-72,-56,1,1,16,0,Diff 16.0px too low
498,19.92,-72,-56,1,1,16,0,Diff 16.0px too low
499,19.96,-72,-56,1,1,16,0,Diff 16.0px too low
517,20.68,-135,-133,1,1,2,0,Diff 2.0px too low
518,20.72,-167,-102,1,1,65,1,Height diff: 65.0px
519,20.76,-175,-81,1,1,94,1,Height diff: 94.0px
520,20.8,-176,-95,1,1,81,1,Height diff: 81.0px
521,20.84,-176,-97,1,1,79,1,Height diff: 79.0px
522,20.88,-176,-99,1,1,77,1,Height diff: 77.0px
523,20.92,-176,-102,1,1,74,1,Height diff: 74.0px
524,20.96,-172,-103,1,1,69,1,Height diff: 69.0px
525,21.0,-171,-113,1,1,58,1,Height diff: 58.0px
526,21.04,-174,-116,1,1,58,1,Height diff: 58.0px
527,21.08,-175,-123,1,1,52,1,Height diff: 52.0px
528,21.12,-175,-122,1,1,53,1,Height diff: 53.0px
529,21.16,-176,-121,1,1,55,1,Height diff: 55.0px
530,21.2,-176,-120,1,1,56,1,Height diff: 56.0px
531,21.24,-176,-120,1,1,56,1,Height diff: 56.0px
532,21.28,-176,-120,1,1,56,1,Height diff: 56.0px
533,21.32,-176,-120,1,1,56,1,Height diff: 56.0px
534,21.36,-176,-123,1,1,53,1,Height diff: 53.0px
535,21.4,-176,-125,1,1,51,1,Height diff: 51.0px
536,21.44,-176,-126,1,1,50,1,Height diff: 50.0px
537,21.48,-82,-98,1,1,16,0,Diff 16.0px too low
539,21.56,-151,-164,1,1,13,0,Diff 13.0px too low
540,21.6,-157,-178,1,1,21,0,Diff 21.0px too low
541,21.64,-152,-177,1,1,25,0,Diff 25.0px too low
542,21.68,-152,-175,1,1,23,0,Diff 23.0px too low
543,21.72,-150,-163,1,1,13,0,Diff 13.0px too low
544,21.76,-152,-151,1,1,1,0,Diff 1.0px too low
545,21.8,-150,-153,1,1,3,0,Diff 3.0px too low
546,21.84,-151,-153,1,1,2,0,Diff 2.0px too low
547,21.88,-150,-156,1,1,6,0,Diff 6.0px too low
548,21.92,-150,-156,1,1,6,0,Diff 6.0px too low
549,21.96,-150,-155,1,1,5,0,Diff 5.0px too low
550,22.0,-150,-154,1,1,4,0,Diff 4.0px too low
551,22.04,-151,-153,1,1,2,0,Diff 2.0px too low
552,22.08,-151,-152,1,1,1,0,Diff 1.0px too low
553,22.12,-148,-169,1,1,21,0,Diff 21.0px too low
554,22.16,-140,-139,1,1,1,0,Diff 1.0px too low
555,22.2,-139,-131,1,1,8,0,Diff 8.0px too low
556,22.24,-132,-123,1,1,9,0,Diff 9.0px too low
557,22.28,-135,-128,1,1,7,0,Diff 7.0px too low
558,22.32,-136,-132,1,1,4,0,Diff 4.0px too low
559,22.36,-136,-136,1,1,0,0,Diff 0.0px too low
560,22.4,-136,-137,1,1,1,0,Diff 1.0px too low
561,22.44,-135,-135,1,1,0,0,Diff 0.0px too low
562,22.48,-135,-131,1,1,4,0,Diff 4.0px too low
563,22.52,-135,-129,1,1,6,0,Diff 6.0px too low
564,22.56,-144,-144,1,1,0,0,Diff 0.0px too low
575,23.0,-179,-166,1,1,13,0,Diff 13.0px too low
576,23.04,-174,-165,1,1,9,0,Diff 9.0px too low
577,23.08,-173,-165,1,1,8,0,Diff 8.0px too low
578,23.12,-172,-165,1,1,7,0,Diff 7.0px too low
579,23.16,-172,-165,1,1,7,0,Diff 7.0px too low
580,23.2,-168,-165,1,1,3,0,Diff 3.0px too low
581,23.24,-167,-165,1,1,2,0,Diff 2.0px too low
582,23.28,-166,-165,1,1,1,0,Diff 1.0px too low
583,23.32,-166,-165,1,1,1,0,Diff 1.0px too low
584,23.36,-166,-166,1,1,0,0,Diff 0.0px too low
586,23.44,-154,-167,1,1,13,0,Diff 13.0px too low
587,23.48,-151,-152,1,1,1,0,Diff 1.0px too low
588,23.52,-150,-153,1,1,3,0,Diff 3.0px too low
589,23.56,-149,-153,1,1,4,0,Diff 4.0px too low
590,23.6,-150,-154,1,1,4,0,Diff 4.0px too low
591,23.64,-150,-155,1,1,5,0,Diff 5.0px too low
592,23.68,-150,-156,1,1,6,0,Diff 6.0px too low
593,23.72,-150,-156,1,1,6,0,Diff 6.0px too low
594,23.76,-150,-156,1,1,6,0,Diff 6.0px too low
595,23.8,-150,-153,1,1,3,0,Diff 3.0px too low
596,23.84,-150,-151,1,1,1,0,Diff 1.0px too low
597,23.88,-150,-150,1,1,0,0,Diff 0.0px too low
598,23.92,-150,-149,1,1,1,0,Diff 1.0px too low
599,23.96,-146,-155,1,1,9,0,Diff 9.0px too low
600,24.0,-146,-153,1,1,7,0,Diff 7.0px too low
601,24.04,-148,-153,1,1,5,0,Diff 5.0px too low
602,24.08,-148,-151,1,1,3,0,Diff 3.0px too low
603,24.12,-149,-148,1,1,1,0,Diff 1.0px too low
604,24.16,-149,-148,1,1,1,0,Diff 1.0px too low
605,24.2,-149,-147,1,1,2,0,Diff 2.0px too low
606,24.24,-148,-147,1,1,1,0,Diff 1.0px too low
607,24.28,-148,-147,1,1,1,0,Diff 1.0px too low
625,25.0,-184,-179,1,1,5,0,Diff 5.0px too low
626,25.04,-184,-179,1,1,5,0,Diff 5.0px too low
627,25.08,-184,-178,1,1,6,0,Diff 6.0px too low
628,25.12,-183,-178,1,1,5,0,Diff 5.0px too low
629,25.16,-183,-178,1,1,5,0,Diff 5.0px too low
630,25.2,-171,-166,1,1,5,0,Diff 5.0px too low
631,25.24,-171,-166,1,1,5,0,Diff 5.0px too low
632,25.28,-171,-166,1,1,5,0,Diff 5.0px too low
633,25.32,-171,-166,1,1,5,0,Diff 5.0px too low
634,25.36,-171,-166,1,1,5,0,Diff 5.0px too low
635,25.4,-171,-166,1,1,5,0,Diff 5.0px too low
636,25.44,-171,-166,1,1,5,0,Diff 5.0px too low
637,25.48,-171,-166,1,1,5,0,Diff 5.0px too low
638,25.52,-171,-166,1,1,5,0,Diff 5.0px too low
639,25.56,-171,-166,1,1,5,0,Diff 5.0px too low
640,25.6,-171,-166,1,1,5,0,Diff 5.0px too low
641,25.64,-171,-166,1,1,5,0,Diff 5.0px too low
642,25.68,-171,-166,1,1,5,0,Diff 5.0px too low
643,25.72,-171,-166,1,1,5,0,Diff 5.0px too low
644,25.76,-171,-166,1,1,5,0,Diff 5.0px too low
645,25.8,-171,-166,1,1,5,0,Diff 5.0px too low
646,25.84,-171,-166,1,1,5,0,Diff 5.0px too low
647,25.88,-171,-166,1,1,5,0,Diff 5.0px too low
648,25.92,-171,-166,1,1,5,0,Diff 5.0px too low
649,25.96,-171,-166,1,1,5,0,Diff 5.0px too low
650,26.0,-171,-166,1,1,5,0,Diff 5.0px too low
651,26.04,-171,-166,1,1,5,0,Diff 5.0px too low
652,26.08,-172,-170,1,1,2,0,Diff 2.0px too low
653,26.12,-172,-168,1,1,4,0,Diff 4.0px too low
654,26.16,-172,-168,1,1,4,0,Diff 4.0px too low
655,26.2,-172,-169,1,1,3,0,Diff 3.0px too low
656,26.24,-171,-169,1,1,2,0,Diff 2.0px too low
657,26.28,-170,-169,1,1,1,0,Diff 1.0px too low
658,26.32,-170,-170,1,1,0,0,Diff 0.0px too low
659,26.36,-169,-170,1,1,1,0,Diff 1.0px too low
660,26.4,-169,-171,1,1,2,0,Diff 2.0px too low
661,26.44,-169,-172,1,1,3,0,Diff 3.0px too low
662,26.48,-169,-172,1,1,3,0,Diff 3.0px too low
663,26.52,-169,-172,1,1,3,0,Diff 3.0px too low
664,26.56,-169,-172,1,1,3,0,Diff 3.0px too low
680,27.2,-172,-176,1,1,4,0,Diff 4.0px too low
681,27.24,-175,-181,1,1,6,0,Diff 6.0px too low
682,27.28,-180,-181,1,1,1,0,Diff 1.0px too low
683,27.32,-176,-182,1,1,6,0,Diff 6.0px too low
684,27.36,-175,-181,1,1,6,0,Diff 6.0px too low
685,27.4,-174,-182,1,1,8,0,Diff 8.0px too low
686,27.44,-174,-182,1,1,8,0,Diff 8.0px too low
687,27.48,-174,-182,1,1,8,0,Diff 8.0px too low
688,27.52,-174,-183,1,1,9,0,Diff 9.0px too low
689,27.56,-174,-183,1,1,9,0,Diff 9.0px too low
690,27.6,-109,-117,1,1,8,0,Diff 8.0px too low
691,27.64,-109,-116,1,1,7,0,Diff 7.0px too low
692,27.68,-112,-114,1,1,2,0,Diff 2.0px too low
693,27.72,-114,-113,1,1,1,0,Diff 1.0px too low
694,27.76,-116,-112,1,1,4,0,Diff 4.0px too low
695,27.8,-116,-112,1,1,4,0,Diff 4.0px too low
696,27.84,-115,-112,1,1,3,0,Diff 3.0px too low
697,27.88,-115,-111,1,1,4,0,Diff 4.0px too low
698,27.92,-116,-111,1,1,5,0,Diff 5.0px too low
699,27.96,-117,-111,1,1,6,0,Diff 6.0px too low
700,28.0,-117,-111,1,1,6,0,Diff 6.0px too low
701,28.04,-117,-111,1,1,6,0,Diff 6.0px too low
702,28.08,-117,-111,1,1,6,0,Diff 6.0px too low
703,28.12,-117,-111,1,1,6,0,Diff 6.0px too low
704,28.16,-117,-111,1,1,6,0,Diff 6.0px too low
705,28.2,-117,-111,1,1,6,0,Diff 6.0px too low
706,28.24,-117,-111,1,1,6,0,Diff 6.0px too low
707,28.28,-117,-111,1,1,6,0,Diff 6.0px too low
708,28.32,-118,-111,1,1,7,0,Diff 7.0px too low
709,28.36,-118,-111,1,1,7,0,Diff 7.0px too low
710,28.4,-118,-111,1,1,7,0,Diff 7.0px too low
711,28.44,-118,-111,1,1,7,0,Diff 7.0px too low
712,28.48,-118,-111,1,1,7,0,Diff 7.0px too low
713,28.52,-118,-111,1,1,7,0,Diff 7.0px too low
714,28.56,-118,-111,1,1,7,0,Diff 7.0px too low
715,28.6,-118,-111,1,1,7,0,Diff 7.0px too low
716,28.64,-118,-111,1,1,7,0,Diff 7.0px too low
717,28.68,-118,-111,1,1,7,0,Diff 7.0px too low
718,28.72,-118,-111,1,1,7,0,Diff 7.0px too low
719,28.76,-118,-111,1,1,7,0,Diff 7.0px too low
720,28.8,-117,-111,1,1,6,0,Diff 6.0px too low
721,28.84,-117,-111,1,1,6,0,Diff 6.0px too low
722,28.88,-117,-111,1,1,6,0,Diff 6.0px too low
723,28.92,-116,-111,1,1,5,0,Diff 5.0px too low
724,28.96,-116,-111,1,1,5,0,Diff 5.0px too low
725,29.0,-116,-111,1,1,5,0,Diff 5.0px too low
726,29.04,-116,-108,1,1,8,0,Diff 8.0px too low
727,29.08,-115,-109,1,1,6,0,Diff 6.0px too low
728,29.12,-114,-110,1,1,4,0,Diff 4.0px too low
729,29.16,-114,-110,1,1,4,0,Diff 4.0px too low
730,29.2,-113,-111,1,1,2,0,Diff 2.0px too low
731,29.24,-113,-111,1,1,2,0,Diff 2.0px too low
732,29.28,-113,-112,1,1,1,0,Diff 1.0px too low
733,29.32,-111,-113,1,1,2,0,Diff 2.0px too low
734,29.36,-111,-113,1,1,2,0,Diff 2.0px too low
735,29.4,-110,-114,1,1,4,0,Diff 4.0px too low
736,29.44,-111,-113,1,1,2,0,Diff 2.0px too low
737,29.48,-111,-113,1,1,2,0,Diff 2.0px too low
738,29.52,-111,-113,1,1,2,0,Diff 2.0px too low
739,29.56,-111,-113,1,1,2,0,Diff 2.0px too low
740,29.6,-111,-113,1,1,2,0,Diff 2.0px too low
741,29.64,-111,-113,1,1,2,0,Diff 2.0px too low
742,29.68,-112,-113,1,1,1,0,Diff 1.0px too low
743,29.72,-112,-113,1,1,1,0,Diff 1.0px too low
744,29.76,-112,-113,1,1,1,0,Diff 1.0px too low
745,29.8,-112,-113,1,1,1,0,Diff 1.0px too low
746,29.84,-112,-113,1,1,1,0,Diff 1.0px too low
747,29.88,-112,-113,1,1,1,0,Diff 1.0px too low
748,29.92,-112,-113,1,1,1,0,Diff 1.0px too low
749,29.96,-113,-113,1,1,0,0,Diff 0.0px too low
750,30.0,-113,-113,1,1,0,0,Diff 0.0px too low
751,30.04,-113,-113,1,1,0,0,Diff 0.0px too low
752,30.08,-114,-113,1,1,1,0,Diff 1.0px too low
753,30.12,-114,-113,1,1,1,0,Diff 1.0px too low
754,30.16,-114,-113,1,1,1,0,Diff 1.0px too low
755,30.2,-114,-113,1,1,1,0,Diff 1.0px too low
756,30.24,-114,-113,1,1,1,0,Diff 1.0px too low
757,30.28,-114,-109,1,1,5,0,Diff 5.0px too low
758,30.32,-117,-109,1,1,8,0,Diff 8.0px too low
759,30.36,-117,-109,1,1,8,0,Diff 8.0px too low
760,30.4,-117,-109,1,1,8,0,Diff 8.0px too low
761,30.44,-118,-110,1,1,8,0,Diff 8.0px too low
762,30.48,-117,-110,1,1,7,0,Diff 7.0px too low
763,30.52,-112,-112,1,1,0,0,Diff 0.0px too low
764,30.56,-111,-113,1,1,2,0,Diff 2.0px too low
765,30.6,-110,-114,1,1,4,0,Diff 4.0px too low
766,30.64,-110,-114,1,1,4,0,Diff 4.0px too low
767,30.68,-110,-114,1,1,4,0,Diff 4.0px too low
768,30.72,-111,-114,1,1,3,0,Diff 3.0px too low
769,30.76,-111,-114,1,1,3,0,Diff 3.0px too low
770,30.8,-111,-114,1,1,3,0,Diff 3.0px too low
771,30.84,-111,-114,1,1,3,0,Diff 3.0px too low
772,30.88,-111,-114,1,1,3,0,Diff 3.0px too low
773,30.92,-111,-114,1,1,3,0,Diff 3.0px too low
774,30.96,-111,-115,1,1,4,0,Diff 4.0px too low
775,31.0,-111,-115,1,1,4,0,Diff 4.0px too low
786,31.44,-125,-121,1,1,4,0,Diff 4.0px too low
787,31.48,-129,-115,1,1,14,0,Diff 14.0px too low
788,31.52,-134,-113,1,1,21,0,Diff 21.0px too low
789,31.56,-132,-111,1,1,21,0,Diff 21.0px too low
790,31.6,-131,-112,1,1,19,0,Diff 19.0px too low
791,31.64,-131,-113,1,1,18,0,Diff 18.0px too low
792,31.68,-131,-113,1,1,18,0,Diff 18.0px too low
793,31.72,-131,-116,1,1,15,0,Diff 15.0px too low
794,31.76,-129,-116,1,1,13,0,Diff 13.0px too low
795,31.8,-129,-116,1,1,13,0,Diff 13.0px too low
796,31.84,-128,-116,1,1,12,0,Diff 12.0px too low
797,31.88,-126,-116,1,1,10,0,Diff 10.0px too low
798,31.92,-127,-122,1,1,5,0,Diff 5.0px too low
799,31.96,-122,-121,1,1,1,0,Diff 1.0px too low
800,32.0,-122,-126,1,1,4,0,Diff 4.0px too low
801,32.04,-116,-125,1,1,9,0,Diff 9.0px too low
803,32.12,-116,-118,1,1,2,0,Diff 2.0px too low
804,32.16,-129,-119,1,1,10,0,Diff 10.0px too low
805,32.2,-128,-120,1,1,8,0,Diff 8.0px too low
806,32.24,-127,-120,1,1,7,0,Diff 7.0px too low
808,32.32,-124,-112,1,1,12,0,Diff 12.0px too low
810,32.4,-81,-72,1,1,9,0,Diff 9.0px too low
811,32.44,-81,-70,1,1,11,0,Diff 11.0px too low
812,32.48,-81,-70,1,1,11,0,Diff 11.0px too low
813,32.52,-81,-70,1,1,11,0,Diff 11.0px too low
814,32.56,-81,-70,1,1,11,0,Diff 11.0px too low
815,32.6,-81,-74,1,1,7,0,Diff 7.0px too low
816,32.64,-82,-73,1,1,9,0,Diff 9.0px too low
817,32.68,-83,-73,1,1,10,0,Diff 10.0px too low
818,32.72,-83,-73,1,1,10,0,Diff 10.0px too low
819,32.76,-83,-70,1,1,13,0,Diff 13.0px too low
820,32.8,-82,-69,1,1,13,0,Diff 13.0px too low
821,32.84,-82,-69,1,1,13,0,Diff 13.0px too low
822,32.88,-81,-69,1,1,12,0,Diff 12.0px too low
823,32.92,-76,-68,1,1,8,0,Diff 8.0px too low
824,32.96,-75,-68,1,1,7,0,Diff 7.0px too low
825,33.0,-79,-65,1,1,14,0,Diff 14.0px too low
826,33.04,-79,-69,1,1,10,0,Diff 10.0px too low
827,33.08,-82,-70,1,1,12,0,Diff 12.0px too low
828,33.12,-81,-70,1,1,11,0,Diff 11.0px too low
829,33.16,-81,-71,1,1,10,0,Diff 10.0px too low
830,33.2,-81,-71,1,1,10,0,Diff 10.0px too low
831,33.24,-80,-71,1,1,9,0,Diff 9.0px too low
832,33.28,-79,-71,1,1,8,0,Diff 8.0px too low
833,33.32,-79,-71,1,1,8,0,Diff 8.0px too low
834,33.36,-79,-71,1,1,8,0,Diff 8.0px too low
835,33.4,-79,-71,1,1,8,0,Diff 8.0px too low
836,33.44,-79,-71,1,1,8,0,Diff 8.0px too low
837,33.48,-79,-70,1,1,9,0,Diff 9.0px too low
838,33.52,-79,-70,1,1,9,0,Diff 9.0px too low
839,33.56,-79,-70,1,1,9,0,Diff 9.0px too low
840,33.6,-79,-70,1,1,9,0,Diff 9.0px too low
841,33.64,-79,-70,1,1,9,0,Diff 9.0px too low
842,33.68,-79,-70,1,1,9,0,Diff 9.0px too low
843,33.72,-79,-70,1,1,9,0,Diff 9.0px too low
844,33.76,-79,-70,1,1,9,0,Diff 9.0px too low
845,33.8,-79,-70,1,1,9,0,Diff 9.0px too low
846,33.84,-79,-70,1,1,9,0,Diff 9.0px too low
847,33.88,-79,-70,1,1,9,0,Diff 9.0px too low
848,33.92,-79,-70,1,1,9,0,Diff 9.0px too low
849,33.96,-79,-70,1,1,9,0,Diff 9.0px too low
850,34.0,-79,-70,1,1,9,0,Diff 9.0px too low
851,34.04,-79,-70,1,1,9,0,Diff 9.0px too low
852,34.08,-79,-70,1,1,9,0,Diff 9.0px too low
853,34.12,-79,-71,1,1,8,0,Diff 8.0px too low
854,34.16,-82,-71,1,1,11,0,Diff 11.0px too low
855,34.2,-82,-72,1,1,10,0,Diff 10.0px too low
856,34.24,-81,-72,1,1,9,0,Diff 9.0px too low
857,34.28,-81,-72,1,1,9,0,Diff 9.0px too low
858,34.32,-86,-72,1,1,14,0,Diff 14.0px too low
859,34.36,-84,-72,1,1,12,0,Diff 12.0px too low
860,34.4,-83,-72,1,1,11,0,Diff 11.0px too low
861,34.44,-83,-72,1,1,11,0,Diff 11.0px too low
862,34.48,-83,-72,1,1,11,0,Diff 11.0px too low
863,34.52,-83,-72,1,1,11,0,Diff 11.0px too low
864,34.56,-83,-72,1,1,11,0,Diff 11.0px too low
865,34.6,-83,-72,1,1,11,0,Diff 11.0px too low
866,34.64,-83,-72,1,1,11,0,Diff 11.0px too low
867,34.68,-83,-72,1,1,11,0,Diff 11.0px too low
868,34.72,-83,-72,1,1,11,0,Diff 11.0px too low
869,34.76,-83,-72,1,1,11,0,Diff 11.0px too low
870,34.8,-83,-72,1,1,11,0,Diff 11.0px too low
871,34.84,-83,-72,1,1,11,0,Diff 11.0px too low
872,34.88,-83,-72,1,1,11,0,Diff 11.0px too low
873,34.92,-86,-72,1,1,14,0,Diff 14.0px too low
874,34.96,-87,-72,1,1,15,0,Diff 15.0px too low
875,35.0,-85,-72,1,1,13,0,Diff 13.0px too low
876,35.04,-84,-72,1,1,12,0,Diff 12.0px too low
877,35.08,-84,-72,1,1,12,0,Diff 12.0px too low
878,35.12,-84,-72,1,1,12,0,Diff 12.0px too low
879,35.16,-83,-72,1,1,11,0,Diff 11.0px too low
880,35.2,-85,-72,1,1,13,0,Diff 13.0px too low
881,35.24,-85,-72,1,1,13,0,Diff 13.0px too low
882,35.28,-85,-72,1,1,13,0,Diff 13.0px too low
883,35.32,-85,-72,1,1,13,0,Diff 13.0px too low
884,35.36,-85,-72,1,1,13,0,Diff 13.0px too low
885,35.4,-85,-72,1,1,13,0,Diff 13.0px too low
886,35.44,-85,-72,1,1,13,0,Diff 13.0px too low
887,35.48,-84,-72,1,1,12,0,Diff 12.0px too low
888,35.52,-84,-72,1,1,12,0,Diff 12.0px too low
889,35.56,-84,-72,1,1,12,0,Diff 12.0px too low
890,35.6,-83,-72,1,1,11,0,Diff 11.0px too low
891,35.64,-83,-72,1,1,11,0,Diff 11.0px too low
892,35.68,-83,-72,1,1,11,0,Diff 11.0px too low
893,35.72,-83,-72,1,1,11,0,Diff 11.0px too low
894,35.76,-83,-72,1,1,11,0,Diff 11.0px too low
895,35.8,-83,-72,1,1,11,0,Diff 11.0px too low
896,35.84,-83,-72,1,1,11,0,Diff 11.0px too low
897,35.88,-83,-72,1,1,11,0,Diff 11.0px too low
898,35.92,-83,-72,1,1,11,0,Diff 11.0px too low
899,35.96,-83,-72,1,1,11,0,Diff 11.0px too low
900,36.0,-83,-72,1,1,11,0,Diff 11.0px too low
901,36.04,-83,-72,1,1,11,0,Diff 11.0px too low
902,36.08,-83,-72,1,1,11,0,Diff 11.0px too low
903,36.12,-83,-72,1,1,11,0,Diff 11.0px too low
904,36.16,-83,-72,1,1,11,0,Diff 11.0px too low
905,36.2,-83,-72,1,1,11,0,Diff 11.0px too low
906,36.24,-83,-72,1,1,11,0,Diff 11.0px too low
907,36.28,-83,-72,1,1,11,0,Diff 11.0px too low
908,36.32,-83,-72,1,1,11,0,Diff 11.0px too low
909,36.36,-83,-72,1,1,11,0,Diff 11.0px too low
910,36.4,-83,-72,1,1,11,0,Diff 11.0px too low
911,36.44,-83,-72,1,1,11,0,Diff 11.0px too low
912,36.48,-83,-72,1,1,11,0,Diff 11.0px too low
913,36.52,-83,-72,1,1,11,0,Diff 11.0px too low
914,36.56,-83,-72,1,1,11,0,Diff 11.0px too low
915,36.6,-82,-72,1,1,10,0,Diff 10.0px too low
916,36.64,-82,-72,1,1,10,0,Diff 10.0px too low
917,36.68,-82,-72,1,1,10,0,Diff 10.0px too low
918,36.72,-82,-72,1,1,10,0,Diff 10.0px too low
919,36.76,-82,-72,1,1,10,0,Diff 10.0px too low
920,36.8,-82,-72,1,1,10,0,Diff 10.0px too low
921,36.84,-82,-72,1,1,10,0,Diff 10.0px too low
922,36.88,-82,-72,1,1,10,0,Diff 10.0px too low
923,36.92,-83,-72,1,1,11,0,Diff 11.0px too low
924,36.96,-83,-72,1,1,11,0,Diff 11.0px too low
925,37.0,-83,-72,1,1,11,0,Diff 11.0px too low
926,37.04,-83,-72,1,1,11,0,Diff 11.0px too low
927,37.08,-83,-72,1,1,11,0,Diff 11.0px too low
928,37.12,-83,-72,1,1,11,0,Diff 11.0px too low
929,37.16,-83,-72,1,1,11,0,Diff 11.0px too low
930,37.2,-83,-72,1,1,11,0,Diff 11.0px too low
931,37.24,-83,-72,1,1,11,0,Diff 11.0px too low
932,37.28,-83,-72,1,1,11,0,Diff 11.0px too low
933,37.32,-83,-72,1,1,11,0,Diff 11.0px too low
934,37.36,-83,-72,1,1,11,0,Diff 11.0px too low
935,37.4,-83,-72,1,1,11,0,Diff 11.0px too low
936,37.44,-83,-72,1,1,11,0,Diff 11.0px too low
937,37.48,-83,-72,1,1,11,0,Diff 11.0px too low
938,37.52,-83,-72,1,1,11,0,Diff 11.0px too low
939,37.56,-83,-72,1,1,11,0,Diff 11.0px too low
940,37.6,-83,-72,1,1,11,0,Diff 11.0px too low
941,37.64,-83,-72,1,1,11,0,Diff 11.0px too low
942,37.68,-83,-72,1,1,11,0,Diff 11.0px too low
943,37.72,-83,-72,1,1,11,0,Diff 11.0px too low
944,37.76,-83,-72,1,1,11,0,Diff 11.0px too low
945,37.8,-83,-72,1,1,11,0,Diff 11.0px too low
946,37.84,-83,-72,1,1,11,0,Diff 11.0px too low
947,37.88,-83,-72,1,1,11,0,Diff 11.0px too low
948,37.92,-83,-72,1,1,11,0,Diff 11.0px too low
949,37.96,-83,-72,1,1,11,0,Diff 11.0px too low
950,38.0,-83,-72,1,1,11,0,Diff 11.0px too low
951,38.04,-83,-72,1,1,11,0,Diff 11.0px too low
952,38.08,-83,-72,1,1,11,0,Diff 11.0px too low
953,38.12,-83,-72,1,1,11,0,Diff 11.0px too low
954,38.16,-83,-72,1,1,11,0,Diff 11.0px too low
955,38.2,-83,-72,1,1,11,0,Diff 11.0px too low
956,38.24,-83,-72,1,1,11,0,Diff 11.0px too low
957,38.28,-83,-72,1,1,11,0,Diff 11.0px too low
958,38.32,-83,-72,1,1,11,0,Diff 11.0px too low
959,38.36,-83,-72,1,1,11,0,Diff 11.0px too low
960,38.4,-83,-72,1,1,11,0,Diff 11.0px too low
961,38.44,-84,-72,1,1,12,0,Diff 12.0px too low
962,38.48,-84,-72,1,1,12,0,Diff 12.0px too low
963,38.52,-84,-72,1,1,12,0,Diff 12.0px too low
964,38.56,-84,-72,1,1,12,0,Diff 12.0px too low
965,38.6,-84,-72,1,1,12,0,Diff 12.0px too low
966,38.64,-84,-72,1,1,12,0,Diff 12.0px too low
967,38.68,-84,-72,1,1,12,0,Diff 12.0px too low
968,38.72,-84,-72,1,1,12,0,Diff 12.0px too low
969,38.76,-84,-72,1,1,12,0,Diff 12.0px too low
970,38.8,-84,-72,1,1,12,0,Diff 12.0px too low
971,38.84,-84,-72,1,1,12,0,Diff 12.0px too low
972,38.88,-84,-72,1,1,12,0,Diff 12.0px too low
973,38.92,-84,-72,1,1,12,0,Diff 12.0px too low
974,38.96,-84,-72,1,1,12,0,Diff 12.0px too low
975,39.0,-84,-72,1,1,12,0,Diff 12.0px too low
976,39.04,-84,-72,1,1,12,0,Diff 12.0px too low
977,39.08,-84,-72,1,1,12,0,Diff 12.0px too low
978,39.12,-84,-72,1,1,12,0,Diff 12.0px too low
979,39.16,-84,-72,1,1,12,0,Diff 12.0px too low
980,39.2,-84,-72,1,1,12,0,Diff 12.0px too low
981,39.24,-84,-72,1,1,12,0,Diff 12.0px too low
982,39.28,-84,-72,1,1,12,0,Diff 12.0px too low
983,39.32,-84,-72,1,1,12,0,Diff 12.0px too low
984,39.36,-84,-72,1,1,12,0,Diff 12.0px too low
985,39.4,-84,-72,1,1,12,0,Diff 12.0px too low
986,39.44,-84,-72,1,1,12,0,Diff 12.0px too low
987,39.48,-84,-72,1,1,12,0,Diff 12.0px too low
988,39.52,-84,-72,1,1,12,0,Diff 12.0px too low
989,39.56,-85,-75,1,1,10,0,Diff 10.0px too low
990,39.6,-81,-70,1,1,11,0,Diff 11.0px too low
991,39.64,-80,-69,1,1,11,0,Diff 11.0px too low
992,39.68,-77,-69,1,1,8,0,Diff 8.0px too low
993,39.72,-82,-68,1,1,14,0,Diff 14.0px too low
994,39.76,-81,-69,1,1,12,0,Diff 12.0px too low
995,39.8,-81,-68,1,1,13,0,Diff 13.0px too low
996,39.84,-81,-68,1,1,13,0,Diff 13.0px too low
997,39.88,-77,-69,1,1,8,0,Diff 8.0px too low
998,39.92,-77,-69,1,1,8,0,Diff 8.0px too low
999,39.96,-79,-68,1,1,11,0,Diff 11.0px too low
1000,40.0,-77,-69,1,1,8,0,Diff 8.0px too low
1001,40.04,-80,-69,1,1,11,0,Diff 11.0px too low
1002,40.08,-81,-69,1,1,12,0,Diff 12.0px too low
1003,40.12,-78,-69,1,1,9,0,Diff 9.0px too low
1004,40.16,-76,-69,1,1,7,0,Diff 7.0px too low
1005,40.2,-75,-68,1,1,7,0,Diff 7.0px too low
1006,40.24,-75,-68,1,1,7,0,Diff 7.0px too low
1007,40.28,-75,-67,1,1,8,0,Diff 8.0px too low
1008,40.32,-75,-67,1,1,8,0,Diff 8.0px too low
1009,40.36,-75,-67,1,1,8,0,Diff 8.0px too low
1010,40.4,-75,-67,1,1,8,0,Diff 8.0px too low
1011,40.44,-76,-67,1,1,9,0,Diff 9.0px too low
1012,40.48,-76,-67,1,1,9,0,Diff 9.0px too low
1013,40.52,-76,-66,1,1,10,0,Diff 10.0px too low
1014,40.56,-76,-66,1,1,10,0,Diff 10.0px too low
1015,40.6,-76,-66,1,1,10,0,Diff 10.0px too low
1016,40.64,-76,-66,1,1,10,0,Diff 10.0px too low
1017,40.68,-76,-66,1,1,10,0,Diff 10.0px too low
1018,40.72,-76,-66,1,1,10,0,Diff 10.0px too low
1019,40.76,-76,-66,1,1,10,0,Diff 10.0px too low
1020,40.8,-76,-66,1,1,10,0,Diff 10.0px too low
1021,40.84,-76,-66,1,1,10,0,Diff 10.0px too low
1022,40.88,-76,-67,1,1,9,0,Diff 9.0px too low
1023,40.92,-76,-67,1,1,9,0,Diff 9.0px too low
1024,40.96,-76,-67,1,1,9,0,Diff 9.0px too low
1025,41.0,-78,-68,1,1,10,0,Diff 10.0px too low
1026,41.04,-82,-67,1,1,15,0,Diff 15.0px too low
1027,41.08,-81,-68,1,1,13,0,Diff 13.0px too low
1028,41.12,-81,-68,1,1,13,0,Diff 13.0px too low
1029,41.16,-81,-68,1,1,13,0,Diff 13.0px too low
1030,41.2,-81,-68,1,1,13,0,Diff 13.0px too low
1031,41.24,-81,-68,1,1,13,0,Diff 13.0px too low
1032,41.28,-81,-68,1,1,13,0,Diff 13.0px too low
1033,41.32,-80,-68,1,1,12,0,Diff 12.0px too low
1034,41.36,-80,-68,1,1,12,0,Diff 12.0px too low
1035,41.4,-78,-68,1,1,10,0,Diff 10.0px too low
1036,41.44,-78,-68,1,1,10,0,Diff 10.0px too low
1037,41.48,-78,-68,1,1,10,0,Diff 10.0px too low
1038,41.52,-77,-68,1,1,9,0,Diff 9.0px too low
1039,41.56,-77,-68,1,1,9,0,Diff 9.0px too low
1040,41.6,-77,-68,1,1,9,0,Diff 9.0px too low
1041,41.64,-77,-68,1,1,9,0,Diff 9.0px too low
1042,41.68,-78,-68,1,1,10,0,Diff 10.0px too low
1043,41.72,-77,-68,1,1,9,0,Diff 9.0px too low
1044,41.76,-77,-68,1,1,9,0,Diff 9.0px too low
1045,41.8,-77,-68,1,1,9,0,Diff 9.0px too low
1046,41.84,-77,-68,1,1,9,0,Diff 9.0px too low
1047,41.88,-77,-69,1,1,8,0,Diff 8.0px too low
1048,41.92,-77,-69,1,1,8,0,Diff 8.0px too low
1049,41.96,-77,-69,1,1,8,0,Diff 8.0px too low
1050,42.0,-77,-69,1,1,8,0,Diff 8.0px too low
1051,42.04,-77,-69,1,1,8,0,Diff 8.0px too low
1052,42.08,-77,-69,1,1,8,0,Diff 8.0px too low
1053,42.12,-77,-69,1,1,8,0,Diff 8.0px too low
1054,42.16,-77,-69,1,1,8,0,Diff 8.0px too low
1055,42.2,-69,-62,1,1,7,0,Diff 7.0px too low
1056,42.24,-72,-70,1,1,2,0,Diff 2.0px too low
1057,42.28,-79,-70,1,1,9,0,Diff 9.0px too low
1058,42.32,-88,-72,1,1,16,0,Diff 16.0px too low
1059,42.36,-84,-71,1,1,13,0,Diff 13.0px too low
1060,42.4,-86,-69,1,1,17,0,Diff 17.0px too low
1061,42.44,-88,-69,1,1,19,0,Diff 19.0px too low
1062,42.48,-84,-70,1,1,14,0,Diff 14.0px too low
1063,42.52,-85,-70,1,1,15,0,Diff 15.0px too low
1064,42.56,-84,-69,1,1,15,0,Diff 15.0px too low
1065,42.6,-87,-68,1,1,19,0,Diff 19.0px too low
1066,42.64,-86,-68,1,1,18,0,Diff 18.0px too low
1067,42.68,-86,-68,1,1,18,0,Diff 18.0px too low
1068,42.72,-85,-68,1,1,17,0,Diff 17.0px too low
1069,42.76,-85,-68,1,1,17,0,Diff 17.0px too low
1070,42.8,-85,-68,1,1,17,0,Diff 17.0px too low
1071,42.84,-85,-68,1,1,17,0,Diff 17.0px too low
1072,42.88,-85,-68,1,1,17,0,Diff 17.0px too low
1073,42.92,-85,-67,1,1,18,0,Diff 18.0px too low
1074,42.96,-85,-67,1,1,18,0,Diff 18.0px too low
1075,43.0,-85,-67,1,1,18,0,Diff 18.0px too low
1076,43.04,-85,-67,1,1,18,0,Diff 18.0px too low
1077,43.08,-85,-67,1,1,18,0,Diff 18.0px too low
1078,43.12,-85,-67,1,1,18,0,Diff 18.0px too low
1079,43.16,-85,-67,1,1,18,0,Diff 18.0px too low
1080,43.2,-85,-67,1,1,18,0,Diff 18.0px too low
1081,43.24,-85,-67,1,1,18,0,Diff 18.0px too low
1082,43.28,-85,-67,1,1,18,0,Diff 18.0px too low
1083,43.32,-85,-67,1,1,18,0,Diff 18.0px too low
1084,43.36,-85,-67,1,1,18,0,Diff 18.0px too low
1085,43.4,-85,-67,1,1,18,0,Diff 18.0px too low
1086,43.44,-85,-67,1,1,18,0,Diff 18.0px too low
1087,43.48,-85,-67,1,1,18,0,Diff 18.0px too low
1088,43.52,-85,-67,1,1,18,0,Diff 18.0px too low
1089,43.56,-85,-67,1,1,18,0,Diff 18.0px too low
1090,43.6,-85,-67,1,1,18,0,Diff 18.0px too low
1091,43.64,-85,-67,1,1,18,0,Diff 18.0px too low
1092,43.68,-82,-73,1,1,9,0,Diff 9.0px too low
1093,43.72,-79,-68,1,1,11,0,Diff 11.0px too low
1094,43.76,-83,-70,1,1,13,0,Diff 13.0px too low
1095,43.8,-84,-70,1,1,14,0,Diff 14.0px too low
1096,43.84,-79,-70,1,1,9,0,Diff 9.0px too low
1097,43.88,-81,-69,1,1,12,0,Diff 12.0px too low
1098,43.92,-82,-69,1,1,13,0,Diff 13.0px too low
1099,43.96,-79,-69,1,1,10,0,Diff 10.0px too low
1100,44.0,-79,-69,1,1,10,0,Diff 10.0px too low
1101,44.04,-80,-69,1,1,11,0,Diff 11.0px too low
1102,44.08,-81,-70,1,1,11,0,Diff 11.0px too low
1103,44.12,-81,-70,1,1,11,0,Diff 11.0px too low
1104,44.16,-81,-70,1,1,11,0,Diff 11.0px too low
1105,44.2,-81,-70,1,1,11,0,Diff 11.0px too low
1106,44.24,-81,-70,1,1,11,0,Diff 11.0px too low
1107,44.28,-80,-70,1,1,10,0,Diff 10.0px too low
1108,44.32,-79,-70,1,1,9,0,Diff 9.0px too low
1109,44.36,-79,-70,1,1,9,0,Diff 9.0px too low
1110,44.4,-79,-70,1,1,9,0,Diff 9.0px too low
1111,44.44,-79,-70,1,1,9,0,Diff 9.0px too low
1112,44.48,-79,-70,1,1,9,0,Diff 9.0px too low
1113,44.52,-79,-70,1,1,9,0,Diff 9.0px too low
1114,44.56,-79,-69,1,1,10,0,Diff 10.0px too low
1115,44.6,-79,-69,1,1,10,0,Diff 10.0px too low
1116,44.64,-79,-69,1,1,10,0,Diff 10.0px too low
1117,44.68,-79,-69,1,1,10,0,Diff 10.0px too low
1118,44.72,-79,-69,1,1,10,0,Diff 10.0px too low
1119,44.76,-79,-69,1,1,10,0,Diff 10.0px too low
1120,44.8,-79,-69,1,1,10,0,Diff 10.0px too low
1121,44.84,-79,-69,1,1,10,0,Diff 10.0px too low
1122,44.88,-79,-69,1,1,10,0,Diff 10.0px too low
1123,44.92,-79,-69,1,1,10,0,Diff 10.0px too low
1124,44.96,-79,-69,1,1,10,0,Diff 10.0px too low
1125,45.0,-80,-69,1,1,11,0,Diff 11.0px too low
1126,45.04,-80,-69,1,1,11,0,Diff 11.0px too low
1127,45.08,-80,-69,1,1,11,0,Diff 11.0px too low
1128,45.12,-80,-69,1,1,11,0,Diff 11.0px too low
1129,45.16,-80,-69,1,1,11,0,Diff 11.0px too low
1130,45.2,-80,-69,1,1,11,0,Diff 11.0px too low
1131,45.24,-80,-69,1,1,11,0,Diff 11.0px too low
1132,45.28,-80,-69,1,1,11,0,Diff 11.0px too low
1133,45.32,-80,-69,1,1,11,0,Diff 11.0px too low
1134,45.36,-80,-69,1,1,11,0,Diff 11.0px too low
1135,45.4,-80,-69,1,1,11,0,Diff 11.0px too low
1136,45.44,-80,-69,1,1,11,0,Diff 11.0px too low
1137,45.48,-80,-69,1,1,11,0,Diff 11.0px too low
1138,45.52,-80,-69,1,1,11,0,Diff 11.0px too low
1139,45.56,-80,-69,1,1,11,0,Diff 11.0px too low
1140,45.6,-80,-69,1,1,11,0,Diff 11.0px too low
1141,45.64,-80,-69,1,1,11,0,Diff 11.0px too low
1142,45.68,-80,-69,1,1,11,0,Diff 11.0px too low
1143,45.72,-80,-69,1,1,11,0,Diff 11.0px too low
1144,45.76,-80,-69,1,1,11,0,Diff 11.0px too low
1145,45.8,-80,-69,1,1,11,0,Diff 11.0px too low
1146,45.84,-80,-69,1,1,11,0,Diff 11.0px too low
1147,45.88,-80,-69,1,1,11,0,Diff 11.0px too low
1148,45.92,-80,-69,1,1,11,0,Diff 11.0px too low
1149,45.96,-80,-69,1,1,11,0,Diff 11.0px too low
1150,46.0,-80,-69,1,1,11,0,Diff 11.0px too low
1151,46.04,-80,-69,1,1,11,0,Diff 11.0px too low
1152,46.08,-80,-69,1,1,11,0,Diff 11.0px too low
1153,46.12,-80,-69,1,1,11,0,Diff 11.0px too low
1154,46.16,-80,-69,1,1,11,0,Diff 11.0px too low
1155,46.2,-80,-69,1,1,11,0,Diff 11.0px too low
1156,46.24,-80,-69,1,1,11,0,Diff 11.0px too low
1157,46.28,-80,-69,1,1,11,0,Diff 11.0px too low
1158,46.32,-80,-69,1,1,11,0,Diff 11.0px too low
1159,46.36,-80,-69,1,1,11,0,Diff 11.0px too low
1160,46.4,-80,-69,1,1,11,0,Diff 11.0px too low
1161,46.44,-80,-69,1,1,11,0,Diff 11.0px too low
1162,46.48,-80,-69,1,1,11,0,Diff 11.0px too low
1163,46.52,-80,-69,1,1,11,0,Diff 11.0px too low
1164,46.56,-80,-69,1,1,11,0,Diff 11.0px too low
1165,46.6,-80,-69,1,1,11,0,Diff 11.0px too low
1166,46.64,-80,-69,1,1,11,0,Diff 11.0px too low
1167,46.68,-80,-69,1,1,11,0,Diff 11.0px too low
1168,46.72,-80,-69,1,1,11,0,Diff 11.0px too low
1169,46.76,-80,-69,1,1,11,0,Diff 11.0px too low
1170,46.8,-80,-69,1,1,11,0,Diff 11.0px too low
1171,46.84,-80,-69,1,1,11,0,Diff 11.0px too low
1172,46.88,-80,-69,1,1,11,0,Diff 11.0px too low
1173,46.92,-80,-69,1,1,11,0,Diff 11.0px too low
1174,46.96,-80,-69,1,1,11,0,Diff 11.0px too low
1175,47.0,-80,-69,1,1,11,0,Diff 11.0px too low
1176,47.04,-80,-69,1,1,11,0,Diff 11.0px too low
1177,47.08,-80,-69,1,1,11,0,Diff 11.0px too low
1178,47.12,-80,-69,1,1,11,0,Diff 11.0px too low
1179,47.16,-80,-69,1,1,11,0,Diff 11.0px too low
1180,47.2,-80,-69,1,1,11,0,Diff 11.0px too low
1181,47.24,-80,-69,1,1,11,0,Diff 11.0px too low
1182,47.28,-80,-69,1,1,11,0,Diff 11.0px too low
1183,47.32,-80,-69,1,1,11,0,Diff 11.0px too low
1184,47.36,-80,-69,1,1,11,0,Diff 11.0px too low
1185,47.4,-80,-69,1,1,11,0,Diff 11.0px too low
1186,47.44,-80,-69,1,1,11,0,Diff 11.0px too low
1187,47.48,-80,-69,1,1,11,0,Diff 11.0px too low
1188,47.52,-80,-69,1,1,11,0,Diff 11.0px too low
1189,47.56,-80,-69,1,1,11,0,Diff 11.0px too low
1190,47.6,-80,-69,1,1,11,0,Diff 11.0px too low
1191,47.64,-80,-69,1,1,11,0,Diff 11.0px too low
1192,47.68,-80,-69,1,1,11,0,Diff 11.0px too low
1193,47.72,-80,-69,1,1,11,0,Diff 11.0px too low
1194,47.76,-80,-69,1,1,11,0,Diff 11.0px too low
1195,47.8,-80,-69,1,1,11,0,Diff 11.0px too low
1196,47.84,-80,-69,1,1,11,0,Diff 11.0px too low
1197,47.88,-80,-70,1,1,10,0,Diff 10.0px too low
1198,47.92,-80,-70,1,1,10,0,Diff 10.0px too low
1199,47.96,-80,-70,1,1,10,0,Diff 10.0px too low
1200,48.0,-80,-70,1,1,10,0,Diff 10.0px too low
1201,48.04,-80,-70,1,1,10,0,Diff 10.0px too low
1202,48.08,-80,-70,1,1,10,0,Diff 10.0px too low
1203,48.12,-80,-70,1,1,10,0,Diff 10.0px too low
1204,48.16,-80,-70,1,1,10,0,Diff 10.0px too low
1205,48.2,-80,-70,1,1,10,0,Diff 10.0px too low
1206,48.24,-80,-70,1,1,10,0,Diff 10.0px too low
1207,48.28,-80,-70,1,1,10,0,Diff 10.0px too low
1208,48.32,-80,-70,1,1,10,0,Diff 10.0px too low
1209,48.36,-80,-70,1,1,10,0,Diff 10.0px too low
1210,48.4,-80,-70,1,1,10,0,Diff 10.0px too low
1211,48.44,-80,-70,1,1,10,0,Diff 10.0px too low
1212,48.48,-80,-70,1,1,10,0,Diff 10.0px too low
1213,48.52,-80,-70,1,1,10,0,Diff 10.0px too low
1214,48.56,-80,-70,1,1,10,0,Diff 10.0px too low
1215,48.6,-80,-70,1,1,10,0,Diff 10.0px too low
1216,48.64,-80,-70,1,1,10,0,Diff 10.0px too low
1217,48.68,-80,-70,1,1,10,0,Diff 10.0px too low
1218,48.72,-80,-70,1,1,10,0,Diff 10.0px too low
1219,48.76,-80,-70,1,1,10,0,Diff 10.0px too low
1220,48.8,-80,-70,1,1,10,0,Diff 10.0px too low
1221,48.84,-80,-70,1,1,10,0,Diff 10.0px too low
1222,48.88,-80,-70,1,1,10,0,Diff 10.0px too low
1223,48.92,-80,-70,1,1,10,0,Diff 10.0px too low
1224,48.96,-80,-70,1,1,10,0,Diff 10.0px too low
1225,49.0,-80,-70,1,1,10,0,Diff 10.0px too low
1226,49.04,-80,-70,1,1,10,0,Diff 10.0px too low
1227,49.08,-80,-70,1,1,10,0,Diff 10.0px too low
1228,49.12,-80,-70,1,1,10,0,Diff 10.0px too low
1229,49.16,-80,-70,1,1,10,0,Diff 10.0px too low
1230,49.2,-80,-70,1,1,10,0,Diff 10.0px too low
1231,49.24,-80,-70,1,1,10,0,Diff 10.0px too low
1232,49.28,-80,-70,1,1,10,0,Diff 10.0px too low
1233,49.32,-80,-70,1,1,10,0,Diff 10.0px too low
1234,49.36,-80,-70,1,1,10,0,Diff 10.0px too low
1235,49.4,-80,-70,1,1,10,0,Diff 10.0px too low
1236,49.44,-80,-70,1,1,10,0,Diff 10.0px too low
1237,49.48,-80,-70,1,1,10,0,Diff 10.0px too low
1238,49.52,-80,-70,1,1,10,0,Diff 10.0px too low
1239,49.56,-80,-70,1,1,10,0,Diff 10.0px too low
1240,49.6,-80,-70,1,1,10,0,Diff 10.0px too low
1241,49.64,-80,-70,1,1,10,0,Diff 10.0px too low
1242,49.68,-80,-70,1,1,10,0,Diff 10.0px too low
1243,49.72,-80,-70,1,1,10,0,Diff 10.0px too low
1244,49.76,-80,-70,1,1,10,0,Diff 10.0px too low
1245,49.8,-80,-70,1,1,10,0,Diff 10.0px too low
1246,49.84,-80,-70,1,1,10,0,Diff 10.0px too low
1247,49.88,-80,-70,1,1,10,0,Diff 10.0px too low
1248,49.92,-80,-70,1,1,10,0,Diff 10.0px too low
1249,49.96,-80,-70,1,1,10,0,Diff 10.0px too low
1250,50.0,-80,-70,1,1,10,0,Diff 10.0px too low
1251,50.04,-80,-70,1,1,10,0,Diff 10.0px too low
1252,50.08,-80,-70,1,1,10,0,Diff 10.0px too low
1253,50.12,-80,-70,1,1,10,0,Diff 10.0px too low
1254,50.16,-80,-70,1,1,10,0,Diff 10.0px too low
1255,50.2,-80,-70,1,1,10,0,Diff 10.0px too low
1256,50.24,-80,-70,1,1,10,0,Diff 10.0px too low
1257,50.28,-80,-70,1,1,10,0,Diff 10.0px too low
1258,50.32,-80,-70,1,1,10,0,Diff 10.0px too low
1259,50.36,-80,-70,1,1,10,0,Diff 10.0px too low
1260,50.4,-80,-70,1,1,10,0,Diff 10.0px too low
1261,50.44,-80,-70,1,1,10,0,Diff 10.0px too low
1262,50.48,-80,-70,1,1,10,0,Diff 10.0px too low
1263,50.52,-80,-70,1,1,10,0,Diff 10.0px too low
1264,50.56,-80,-70,1,1,10,0,Diff 10.0px too low
1265,50.6,-80,-70,1,1,10,0,Diff 10.0px too low
1266,50.64,-80,-70,1,1,10,0,Diff 10.0px too low
1267,50.68,-80,-70,1,1,10,0,Diff 10.0px too low
1268,50.72,-80,-70,1,1,10,0,Diff 10.0px too low
1269,50.76,-80,-70,1,1,10,0,Diff 10.0px too low
1270,50.8,-80,-70,1,1,10,0,Diff 10.0px too low
1271,50.84,-80,-70,1,1,10,0,Diff 10.0px too low
1272,50.88,-80,-70,1,1,10,0,Diff 10.0px too low
1273,50.92,-80,-70,1,1,10,0,Diff 10.0px too low
1274,50.96,-80,-70,1,1,10,0,Diff 10.0px too low
1275,51.0,-80,-70,1,1,10,0,Diff 10.0px too low
1276,51.04,-80,-70,1,1,10,0,Diff 10.0px too low
1277,51.08,-80,-70,1,1,10,0,Diff 10.0px too low
1278,51.12,-80,-70,1,1,10,0,Diff 10.0px too low
1279,51.16,-80,-70,1,1,10,0,Diff 10.0px too low
1280,51.2,-80,-70,1,1,10,0,Diff 10.0px too low
1281,51.24,-80,-70,1,1,10,0,Diff 10.0px too low
1282,51.28,-80,-70,1,1,10,0,Diff 10.0px too low
1283,51.32,-80,-70,1,1,10,0,Diff 10.0px too low
1284,51.36,-80,-70,1,1,10,0,Diff 10.0px too low
1285,51.4,-80,-70,1,1,10,0,Diff 10.0px too low
1286,51.44,-80,-70,1,1,10,0,Diff 10.0px too low
1287,51.48,-80,-70,1,1,10,0,Diff 10.0px too low
1288,51.52,-80,-70,1,1,10,0,Diff 10.0px too low
1289,51.56,-80,-70,1,1,10,0,Diff 10.0px too low
1290,51.6,-80,-70,1,1,10,0,Diff 10.0px too low
1291,51.64,-80,-70,1,1,10,0,Diff 10.0px too low
1292,51.68,-80,-70,1,1,10,0,Diff 10.0px too low
1293,51.72,-80,-70,1,1,10,0,Diff 10.0px too low
1294,51.76,-80,-70,1,1,10,0,Diff 10.0px too low
1295,51.8,-80,-70,1,1,10,0,Diff 10.0px too low
1296,51.84,-80,-70,1,1,10,0,Diff 10.0px too low
1297,51.88,-80,-70,1,1,10,0,Diff 10.0px too low
1298,51.92,-80,-70,1,1,10,0,Diff 10.0px too low
1299,51.96,-80,-70,1,1,10,0,Diff 10.0px too low
1300,52.0,-80,-70,1,1,10,0,Diff 10.0px too low
1301,52.04,-80,-70,1,1,10,0,Diff 10.0px too low
1302,52.08,-80,-70,1,1,10,0,Diff 10.0px too low
1303,52.12,-80,-70,1,1,10,0,Diff 10.0px too low
1304,52.16,-81,-70,1,1,11,0,Diff 11.0px too low
1305,52.2,-81,-70,1,1,11,0,Diff 11.0px too low
1306,52.24,-81,-70,1,1,11,0,Diff 11.0px too low
1307,52.28,-81,-70,1,1,11,0,Diff 11.0px too low
1308,52.32,-82,-70,1,1,12,0,Diff 12.0px too low
1309,52.36,-82,-70,1,1,12,0,Diff 12.0px too low
1310,52.4,-82,-71,1,1,11,0,Diff 11.0px too low
1311,52.44,-82,-71,1,1,11,0,Diff 11.0px too low
1312,52.48,-83,-71,1,1,12,0,Diff 12.0px too low
1313,52.52,-83,-71,1,1,12,0,Diff 12.0px too low
1314,52.56,-83,-71,1,1,12,0,Diff 12.0px too low
1315,52.6,-83,-71,1,1,12,0,Diff 12.0px too low
1316,52.64,-83,-71,1,1,12,0,Diff 12.0px too low
1317,52.68,-83,-71,1,1,12,0,Diff 12.0px too low
1318,52.72,-83,-71,1,1,12,0,Diff 12.0px too low
1319,52.76,-83,-71,1,1,12,0,Diff 12.0px too low
1320,52.8,-83,-71,1,1,12,0,Diff 12.0px too low
1321,52.84,-83,-71,1,1,12,0,Diff 12.0px too low
1322,52.88,-83,-71,1,1,12,0,Diff 12.0px too low
1323,52.92,-83,-71,1,1,12,0,Diff 12.0px too low
1324,52.96,-83,-71,1,1,12,0,Diff 12.0px too low
1325,53.0,-83,-71,1,1,12,0,Diff 12.0px too low
1326,53.04,-83,-71,1,1,12,0,Diff 12.0px too low
1327,53.08,-83,-71,1,1,12,0,Diff 12.0px too low
1328,53.12,-83,-71,1,1,12,0,Diff 12.0px too low
1329,53.16,-83,-71,1,1,12,0,Diff 12.0px too low
1330,53.2,-83,-71,1,1,12,0,Diff 12.0px too low
1331,53.24,-83,-71,1,1,12,0,Diff 12.0px too low
1332,53.28,-83,-71,1,1,12,0,Diff 12.0px too low
1333,53.32,-83,-71,1,1,12,0,Diff 12.0px too low
1334,53.36,-83,-71,1,1,12,0,Diff 12.0px too low
1335,53.4,-83,-71,1,1,12,0,Diff 12.0px too low
1336,53.44,-83,-71,1,1,12,0,Diff 12.0px too low
1337,53.48,-83,-71,1,1,12,0,Diff 12.0px too low
1338,53.52,-83,-71,1,1,12,0,Diff 12.0px too low
1339,53.56,-83,-71,1,1,12,0,Diff 12.0px too low
1340,53.6,-83,-71,1,1,12,0,Diff 12.0px too low
1341,53.64,-83,-71,1,1,12,0,Diff 12.0px too low
1342,53.68,-83,-71,1,1,12,0,Diff 12.0px too low
1343,53.72,-83,-71,1,1,12,0,Diff 12.0px too low
1344,53.76,-83,-71,1,1,12,0,Diff 12.0px too low
1345,53.8,-83,-71,1,1,12,0,Diff 12.0px too low
1346,53.84,-83,-71,1,1,12,0,Diff 12.0px too low
1347,53.88,-83,-71,1,1,12,0,Diff 12.0px too low
1348,53.92,-83,-71,1,1,12,0,Diff 12.0px too low
1349,53.96,-83,-71,1,1,12,0,Diff 12.0px too low
1350,54.0,-82,-71,1,1,11,0,Diff 11.0px too low
1351,54.04,-82,-71,1,1,11,0,Diff 11.0px too low
1352,54.08,-82,-71,1,1,11,0,Diff 11.0px too low
1353,54.12,-82,-71,1,1,11,0,Diff 11.0px too low
1354,54.16,-82,-71,1,1,11,0,Diff 11.0px too low
1355,54.2,-82,-71,1,1,11,0,Diff 11.0px too low
1356,54.24,-82,-71,1,1,11,0,Diff 11.0px too low
1357,54.28,-82,-71,1,1,11,0,Diff 11.0px too low
1358,54.32,-82,-71,1,1,11,0,Diff 11.0px too low
1359,54.36,-82,-71,1,1,11,0,Diff 11.0px too low
1360,54.4,-82,-71,1,1,11,0,Diff 11.0px too low
1361,54.44,-82,-71,1,1,11,0,Diff 11.0px too low
1362,54.48,-81,-71,1,1,10,0,Diff 10.0px too low
1363,54.52,-81,-71,1,1,10,0,Diff 10.0px too low
1364,54.56,-81,-71,1,1,10,0,Diff 10.0px too low
1365,54.6,-81,-71,1,1,10,0,Diff 10.0px too low
1366,54.64,-81,-71,1,1,10,0,Diff 10.0px too low
1367,54.68,-81,-71,1,1,10,0,Diff 10.0px too low
1368,54.72,-81,-71,1,1,10,0,Diff 10.0px too low
1369,54.76,-81,-71,1,1,10,0,Diff 10.0px too low
1370,54.8,-81,-71,1,1,10,0,Diff 10.0px too low
1371,54.84,-81,-71,1,1,10,0,Diff 10.0px too low
1372,54.88,-81,-71,1,1,10,0,Diff 10.0px too low
1373,54.92,-81,-71,1,1,10,0,Diff 10.0px too low
1374,54.96,-81,-71,1,1,10,0,Diff 10.0px too low
1375,55.0,-81,-71,1,1,10,0,Diff 10.0px too low
1376,55.04,-81,-71,1,1,10,0,Diff 10.0px too low
1377,55.08,-81,-71,1,1,10,0,Diff 10.0px too low
1378,55.12,-81,-71,1,1,10,0,Diff 10.0px too low
1379,55.16,-81,-71,1,1,10,0,Diff 10.0px too low
1380,55.2,-81,-71,1,1,10,0,Diff 10.0px too low
1381,55.24,-81,-71,1,1,10,0,Diff 10.0px too low
1382,55.28,-81,-71,1,1,10,0,Diff 10.0px too low
1383,55.32,-81,-71,1,1,10,0,Diff 10.0px too low
1384,55.36,-81,-71,1,1,10,0,Diff 10.0px too low
1385,55.4,-81,-71,1,1,10,0,Diff 10.0px too low
1386,55.44,-81,-71,1,1,10,0,Diff 10.0px too low
1387,55.48,-81,-71,1,1,10,0,Diff 10.0px too low
1388,55.52,-81,-71,1,1,10,0,Diff 10.0px too low
1389,55.56,-81,-71,1,1,10,0,Diff 10.0px too low
1390,55.6,-81,-71,1,1,10,0,Diff 10.0px too low
1391,55.64,-81,-71,1,1,10,0,Diff 10.0px too low
1392,55.68,-81,-71,1,1,10,0,Diff 10.0px too low
1393,55.72,-81,-71,1,1,10,0,Diff 10.0px too low
1394,55.76,-81,-71,1,1,10,0,Diff 10.0px too low
1395,55.8,-81,-71,1,1,10,0,Diff 10.0px too low
1396,55.84,-81,-71,1,1,10,0,Diff 10.0px too low
1397,55.88,-81,-71,1,1,10,0,Diff 10.0px too low
1398,55.92,-81,-71,1,1,10,0,Diff 10.0px too low
1399,55.96,-81,-71,1,1,10,0,Diff 10.0px too low
1400,56.0,-81,-71,1,1,10,0,Diff 10.0px too low
1401,56.04,-81,-71,1,1,10,0,Diff 10.0px too low
1402,56.08,-81,-71,1,1,10,0,Diff 10.0px too low
1403,56.12,-81,-71,1,1,10,0,Diff 10.0px too low
1404,56.16,-81,-71,1,1,10,0,Diff 10.0px too low
1405,56.2,-81,-71,1,1,10,0,Diff 10.0px too low
1406,56.24,-81,-71,1,1,10,0,Diff 10.0px too low
1407,56.28,-81,-71,1,1,10,0,Diff 10.0px too low
1408,56.32,-81,-71,1,1,10,0,Diff 10.0px too low
1409,56.36,-81,-71,1,1,10,0,Diff 10.0px too low
1410,56.4,-81,-71,1,1,10,0,Diff 10.0px too low
1411,56.44,-81,-71,1,1,10,0,Diff 10.0px too low
1412,56.48,-81,-71,1,1,10,0,Diff 10.0px too low
1413,56.52,-81,-71,1,1,10,0,Diff 10.0px too low
1414,56.56,-81,-71,1,1,10,0,Diff 10.0px too low
1415,56.6,-81,-71,1,1,10,0,Diff 10.0px too low
1416,56.64,-81,-71,1,1,10,0,Diff 10.0px too low
1417,56.68,-81,-71,1,1,10,0,Diff 10.0px too low
1418,56.72,-81,-71,1,1,10,0,Diff 10.0px too low
1419,56.76,-81,-71,1,1,10,0,Diff 10.0px too low
1420,56.8,-81,-71,1,1,10,0,Diff 10.0px too low
1421,56.84,-81,-71,1,1,10,0,Diff 10.0px too low
1422,56.88,-81,-71,1,1,10,0,Diff 10.0px too low
1423,56.92,-81,-71,1,1,10,0,Diff 10.0px too low
1424,56.96,-81,-71,1,1,10,0,Diff 10.0px too low
1425,57.0,-81,-71,1,1,10,0,Diff 10.0px too low
1426,57.04,-81,-71,1,1,10,0,Diff 10.0px too low
1427,57.08,-81,-71,1,1,10,0,Diff 10.0px too low
1428,57.12,-81,-71,1,1,10,0,Diff 10.0px too low
1429,57.16,-81,-71,1,1,10,0,Diff 10.0px too low
